seed,cenario,algoritmo,num_processos,turnaround_medio,trocas_contexto,slowdown_medio,jain_slowdown_pct
1,cpu_bound,epa,1000,19470.931,1481,483.34531270537866,76.46667069972213
1,cpu_bound,fcfs,1000,19469.377,1481,483.36683478298977,76.45981317930298
1,cpu_bound,prioridade,1000,17522.875,1481,488.81294840005097,54.89450986827078
1,cpu_bound,round_robin,1000,33514.762,10761,837.4277242103174,93.90736958467495
1,equilibrado,epa,1000,22190.954,3444,537.8542686737488,37.38583648951145
1,equilibrado,fcfs,1000,22190.552,3444,537.933688951877,37.393288823616416
1,equilibrado,prioridade,1000,18002.453,3444,854.0808102056366,9.185089543883718
1,equilibrado,round_robin,1000,27879.515,10381,598.4402990974141,78.85667038752737
1,io_bound,epa,1000,15981.271,6442,307.13994922841835,93.15841707099499
1,io_bound,fcfs,1000,15984.934,6441,307.20630647735715,93.17761366637704
1,io_bound,prioridade,1000,11026.464,6441,225.72274473025522,65.79519580339303
1,io_bound,round_robin,1000,15984.934,6441,307.20630647735715,93.17761366637704
1,prioridades_desbalanceadas,epa,1000,21956.407,3444,484.6689833385832,52.07161137098985
1,prioridades_desbalanceadas,fcfs,1000,21955.271,3444,484.7505235138474,52.06716962087578
1,prioridades_desbalanceadas,prioridade,1000,18649.016,3444,623.43484343969,19.96891549019101
1,prioridades_desbalanceadas,round_robin,1000,27941.027,10336,589.0908932709717,83.5088470800708
10,cpu_bound,epa,1000,19487.951,1474,484.91451679218136,77.69483132862972
10,cpu_bound,fcfs,1000,19486.461,1474,484.9305205881879,77.69030737219418
10,cpu_bound,prioridade,1000,17391.721,1474,482.6255048443523,57.82638922462291
10,cpu_bound,round_robin,1000,33609.677,10605,847.9601412053039,94.26151916604974
10,equilibrado,epa,1000,21601.079,3421,515.0619402988252,43.37397286910653
10,equilibrado,fcfs,1000,21598.903,3421,515.1076956894356,43.31943887169941
10,equilibrado,prioridade,1000,18028.375,3421,743.9478003294519,19.141794824639728
10,equilibrado,round_robin,1000,27259.359,10170,596.2370569134783,80.13558568949998
10,io_bound,epa,1000,15779.774,6421,311.86753187870085,92.43380012449582
10,io_bound,fcfs,1000,15783.023,6421,311.93014000895806,92.45188757877324
10,io_bound,prioridade,1000,10833.11,6421,224.98453639382788,66.397529293068
10,io_bound,round_robin,1000,15783.023,6421,311.93014000895806,92.45188757877324
10,prioridades_desbalanceadas,epa,1000,21591.114,3421,521.2301215031682,47.03336122815219
10,prioridades_desbalanceadas,fcfs,1000,21589.63,3421,521.295563716789,47.0332818052941
10,prioridades_desbalanceadas,prioridade,1000,18544.962,3421,774.5059797428826,12.62132760227646
10,prioridades_desbalanceadas,round_robin,1000,27147.443,10194,594.3719762666557,82.03347789885831
100,cpu_bound,epa,1000,20477.856,1493,497.8443739562813,78.22474022018173
100,cpu_bound,fcfs,1000,20476.347,1493,497.8816595409853,78.21318823762923
100,cpu_bound,prioridade,1000,18132.141,1493,490.39383225519106,57.983592624135014
100,cpu_bound,round_robin,1000,34918.081,10889,860.8442931595099,94.82183091555842
100,equilibrado,epa,1000,22487.372,3465,541.560600290754,42.068550489014314
100,equilibrado,fcfs,1000,22487.099,3465,541.6000670440071,42.08326871971575
100,equilibrado,prioridade,1000,18666.525,3465,803.4869159648546,13.436007809927382
100,equilibrado,round_robin,1000,28087.668,10409,604.5241883647974,80.40880338029102
100,io_bound,epa,1000,16198.073,6465,316.28809525237705,92.98189552847185
100,io_bound,fcfs,1000,16200.665,6465,316.3269771325513,93.00046369480478
100,io_bound,prioridade,1000,11129.563,6465,230.81692787503135,64.97400172644825
100,io_bound,round_robin,1000,16200.665,6465,316.3269771325513,93.00046369480478
100,prioridades_desbalanceadas,epa,1000,22218.61,3465,553.9024486683387,34.91418256063192
100,prioridades_desbalanceadas,fcfs,1000,22218.347,3465,553.9332091106146,34.87809013785304
100,prioridades_desbalanceadas,prioridade,1000,19066.96,3465,750.6041852427256,14.041853258637794
100,prioridades_desbalanceadas,round_robin,1000,27661.35,10269,605.9744979939655,75.88676774771464
11,cpu_bound,epa,1000,19998.374,1506,480.2808309422956,76.57819852543352
11,cpu_bound,fcfs,1000,19997.112,1506,480.30494819223526,76.57073772282988
11,cpu_bound,prioridade,1000,18058.44,1506,493.73955967991316,58.12734610233209
11,cpu_bound,round_robin,1000,34340.432,10950,837.3384487722956,94.24316855573448
11,equilibrado,epa,1000,23617.448,3559,519.583519872086,38.96719659501844
11,equilibrado,fcfs,1000,23615.496,3559,519.6915681834932,38.99103540939959
11,equilibrado,prioridade,1000,18983.873,3559,738.2891498252063,10.641168695611702
11,equilibrado,round_robin,1000,29835.7,10728,599.4203754009769,80.65083217263562
11,io_bound,epa,1000,16349.231,6559,310.99746859915535,92.64845566971181
11,io_bound,fcfs,1000,16351.263,6559,311.0522396702151,92.66870526130795
11,io_bound,prioridade,1000,11172.451,6559,222.16887740620024,65.61862303752022
11,io_bound,round_robin,1000,16351.263,6559,311.0522396702151,92.66870526130795
11,prioridades_desbalanceadas,epa,1000,23488.867,3559,529.026583026217,45.21352165740783
11,prioridades_desbalanceadas,fcfs,1000,23487.602,3559,529.0726869863438,45.18984447762534
11,prioridades_desbalanceadas,prioridade,1000,19640.025,3559,722.2885449032626,13.506537806143683
11,prioridades_desbalanceadas,round_robin,1000,29431.322,10696,596.1554433160385,82.61071546098239
12,cpu_bound,epa,1000,19713.53,1484,495.6246786948356,77.95620328211649
12,cpu_bound,fcfs,1000,19711.859,1484,495.62102230118904,77.95493056364985
12,cpu_bound,prioridade,1000,17490.233,1484,493.36341748628405,56.97564976879287
12,cpu_bound,round_robin,1000,33589.302,10600,849.7709854204152,94.33147180912086
12,equilibrado,epa,1000,21905.088,3420,537.971558647017,42.28650219982129
12,equilibrado,fcfs,1000,21904.391,3420,537.9713806818023,42.30594339295679
12,equilibrado,prioridade,1000,17804.545,3420,767.3636345672646,10.166394753295704
12,equilibrado,round_robin,1000,27619.107,10182,609.5346295108229,80.9767472422543
12,io_bound,epa,1000,15913.488,6420,312.1271432399996,92.72914626494725
12,io_bound,fcfs,1000,15916.06,6420,312.1746636180983,92.75010350534609
12,io_bound,prioridade,1000,10982.814,6420,226.92210443344396,65.07131512135942
12,io_bound,round_robin,1000,15916.06,6420,312.1746636180983,92.75010350534609
12,prioridades_desbalanceadas,epa,1000,22149.385,3420,579.7793100261865,30.730793033629
12,prioridades_desbalanceadas,fcfs,1000,22149.117,3420,579.858559607331,30.72476120467813
12,prioridades_desbalanceadas,prioridade,1000,18900.725,3420,759.3609467946189,12.953245051400351
12,prioridades_desbalanceadas,round_robin,1000,27788.133,10283,611.8458645353332,74.39441462957767
13,cpu_bound,epa,1000,20176.564,1505,497.1019349196186,77.47400235009594
13,cpu_bound,fcfs,1000,20174.572,1505,497.10223424776444,77.46528503185834
13,cpu_bound,prioridade,1000,18065.949,1505,507.64347297353197,56.1000248707618
13,cpu_bound,round_robin,1000,34229.765,10798,850.2639122713811,94.39828030994715
13,equilibrado,epa,1000,22859.948,3494,563.7233526792321,34.711985360973664
13,equilibrado,fcfs,1000,22860.294,3494,563.7737964705063,34.73523524293004
13,equilibrado,prioridade,1000,18941.642,3494,870.392972504661,11.697763746923394
13,equilibrado,round_robin,1000,28538.11,10496,614.5565447138703,76.46468473789999
13,io_bound,epa,1000,16345.656,6494,315.47869517709665,93.28259951363258
13,io_bound,fcfs,1000,16349.973,6494,315.537434344384,93.30800601854234
13,io_bound,prioridade,1000,11205.584,6494,227.3673055900653,65.64577709635617
13,io_bound,round_robin,1000,16349.973,6494,315.537434344384,93.30800601854234
13,prioridades_desbalanceadas,epa,1000,22832.81,3494,547.1401238006789,41.66091177324075
13,prioridades_desbalanceadas,fcfs,1000,22830.747,3494,547.0985396322947,41.6409295210946
13,prioridades_desbalanceadas,prioridade,1000,19341.596,3494,770.8996386840622,12.664829342227579
13,prioridades_desbalanceadas,round_robin,1000,28481.876,10469,608.5371262236899,80.10629769366845
14,cpu_bound,epa,1000,20014.728,1508,491.59785417026205,77.6806229720932
14,cpu_bound,fcfs,1000,20012.989,1508,491.60209738393695,77.67415287283711
14,cpu_bound,prioridade,1000,17941.876,1508,496.7761711854912,57.16683455658018
14,cpu_bound,round_robin,1000,34210.623,10738,852.7094810639226,94.4915611411128
14,equilibrado,epa,1000,22813.453,3526,519.9610217379887,45.011419315387904
14,equilibrado,fcfs,1000,22813.642,3526,519.9938338789128,45.03574169715395
14,equilibrado,prioridade,1000,18617.504,3526,768.5449364801823,11.857901667733021
14,equilibrado,round_robin,1000,28606.087,10539,596.719342745137,81.8483580180092
14,io_bound,epa,1000,16188.997,6524,309.14043469014786,92.924728476205
14,io_bound,fcfs,1000,16191.667,6524,309.20710333938246,92.94535244745711
14,io_bound,prioridade,1000,11178.147,6524,225.82135805226187,65.63647944002909
14,io_bound,round_robin,1000,16191.667,6524,309.20710333938246,92.94535244745711
14,prioridades_desbalanceadas,epa,1000,22739.469,3526,506.7048767427418,49.147615092487825
14,prioridades_desbalanceadas,fcfs,1000,22740.231,3526,506.7566342761749,49.13044818516252
14,prioridades_desbalanceadas,prioridade,1000,19187.732,3526,652.9284264202441,14.516363583990092
14,prioridades_desbalanceadas,round_robin,1000,28583.896,10552,590.9399476317731,83.00265728757184
15,cpu_bound,epa,1000,20627.09,1523,488.189859539223,78.82485898090133
15,cpu_bound,fcfs,1000,20625.481,1523,488.2051273133212,78.82024630774046
15,cpu_bound,prioridade,1000,18226.546,1523,483.1904655537111,58.265300997387506
15,cpu_bound,round_robin,1000,35265.99,11035,852.5138829730728,94.99393856038076
15,equilibrado,epa,1000,23228.87,3566,525.4427580264957,37.6203037056334
15,equilibrado,fcfs,1000,23227.83,3566,525.5694391228309,37.61824048980771
15,equilibrado,prioridade,1000,18876.646,3566,734.8780930233464,11.673439390849724
15,equilibrado,round_robin,1000,29393.303,10692,605.1869964472966,78.5408215258853
15,io_bound,epa,1000,16324.135,6565,307.6102587664225,93.35002564718224
15,io_bound,fcfs,1000,16326.461,6565,307.6466800980277,93.36748648028781
15,io_bound,prioridade,1000,11285.327,6565,225.93534462685162,63.75628801732174
15,io_bound,round_robin,1000,16326.461,6565,307.6466800980277,93.36748648028781
15,prioridades_desbalanceadas,epa,1000,23332.827,3566,518.6686205520896,44.56398362253331
15,prioridades_desbalanceadas,fcfs,1000,23332.177,3566,518.7355509635616,44.5678584674495
15,prioridades_desbalanceadas,prioridade,1000,19946.788,3566,710.7948417454392,15.78903857548857
15,prioridades_desbalanceadas,round_robin,1000,29134.752,10752,596.479020731635,81.25239340347979
16,cpu_bound,epa,1000,20079.681,1489,485.19124172433743,77.93374672762364
16,cpu_bound,fcfs,1000,20078.542,1489,485.21925476563496,77.93216712776794
16,cpu_bound,prioridade,1000,18151.898,1489,493.8922916746885,57.42794033215118
16,cpu_bound,round_robin,1000,34733.909,10895,854.0983922256713,94.6098170797641
16,equilibrado,epa,1000,22636.688,3468,529.8848846244812,45.626828605026176
16,equilibrado,fcfs,1000,22633.536,3468,530.0648298590899,45.5790574045009
16,equilibrado,prioridade,1000,18300.546,3468,716.5112762718725,13.669581797756043
16,equilibrado,round_robin,1000,28542.413,10415,605.006051703325,82.0891862150041
16,io_bound,epa,1000,16075.637,6468,311.38599690017566,93.05632623633096
16,io_bound,fcfs,1000,16079.23,6468,311.43303329471337,93.083269785236
16,io_bound,prioridade,1000,11251.003,6468,234.37420854300782,64.27864493177134
16,io_bound,round_robin,1000,16079.23,6468,311.43303329471337,93.083269785236
16,prioridades_desbalanceadas,epa,1000,22680.707,3468,521.9725236294317,44.00803941483399
16,prioridades_desbalanceadas,fcfs,1000,22678.225,3468,522.0056138826698,43.959683913713114
16,prioridades_desbalanceadas,prioridade,1000,18874.9,3468,680.4757132201685,16.031535372968523
16,prioridades_desbalanceadas,round_robin,1000,28802.837,10443,611.406309070725,81.31912050852702
17,cpu_bound,epa,1000,19517.047,1469,481.07058367526906,77.71729712458294
17,cpu_bound,fcfs,1000,19515.231,1469,481.0645263270613,77.70782676892236
17,cpu_bound,prioridade,1000,17775.759,1469,502.68510848617234,57.400193528124596
17,cpu_bound,round_robin,1000,33744.941,10653,849.2664898460616,94.20703296197638
17,equilibrado,epa,1000,22247.534,3418,523.4224200451171,48.27193966905207
17,equilibrado,fcfs,1000,22248.603,3418,523.592246476252,48.22431467874935
17,equilibrado,prioridade,1000,18422.057,3418,746.5970984959645,14.311508965659073
17,equilibrado,round_robin,1000,27959.229,10355,598.2366370377232,82.9275943512494
17,io_bound,epa,1000,16014.003,6417,313.4317174888282,92.9918739045326
17,io_bound,fcfs,1000,16017.025,6417,313.4771651245128,93.00635380952264
17,io_bound,prioridade,1000,11089.647,6417,228.35676349990894,66.00923222164771
17,io_bound,round_robin,1000,16017.025,6417,313.4771651245128,93.00635380952264
17,prioridades_desbalanceadas,epa,1000,22072.382,3418,521.1903049656311,49.52577807570089
17,prioridades_desbalanceadas,fcfs,1000,22070.738,3418,521.2587996246658,49.52910055405571
17,prioridades_desbalanceadas,prioridade,1000,18724.47,3418,664.2464688779569,20.932155921890256
17,prioridades_desbalanceadas,round_robin,1000,27606.907,10245,593.1617546218444,82.81846526878694
18,cpu_bound,epa,1000,19666.558,1500,487.9159021524887,77.15101502194386
18,cpu_bound,fcfs,1000,19664.981,1500,487.92164792358454,77.145761708889
18,cpu_bound,prioridade,1000,17607.686,1500,488.55689957221523,56.18197710667295
18,cpu_bound,round_robin,1000,33726.857,10793,840.1907880512449,93.95072573151363
18,equilibrado,epa,1000,22335.966,3512,523.9448156809096,45.76259363449702
18,equilibrado,fcfs,1000,22334.776,3512,524.0063257746987,45.725760317310815
18,equilibrado,prioridade,1000,18001.962,3512,727.4443008256839,17.23431287421561
18,equilibrado,round_robin,1000,27908.81,10379,583.3099554546657,81.76686208986004
18,io_bound,epa,1000,16012.809,6512,305.83022926113506,92.85643504576704
18,io_bound,fcfs,1000,16015.58,6512,305.85010810583606,92.86784517679158
18,io_bound,prioridade,1000,10889.481,6512,217.3907921393168,64.45272064528402
18,io_bound,round_robin,1000,16015.58,6512,305.85010810583606,92.86784517679158
18,prioridades_desbalanceadas,epa,1000,22965.728,3512,551.2712377419992,37.763420693593005
18,prioridades_desbalanceadas,fcfs,1000,22964.76,3512,551.3431287929357,37.75938252113685
18,prioridades_desbalanceadas,prioridade,1000,19334.725,3512,730.9647695170619,10.30159861189323
18,prioridades_desbalanceadas,round_robin,1000,28501.112,10546,601.9428638497861,78.63240764995801
19,cpu_bound,epa,1000,21283.726,1538,497.7777961350073,78.87056887189058
19,cpu_bound,fcfs,1000,21280.852,1538,497.77142609866655,78.86016063225847
19,cpu_bound,prioridade,1000,19058.501,1538,510.2520463485788,59.06614490486385
19,cpu_bound,round_robin,1000,35978.988,11225,854.1402843951018,94.7221491150878
19,equilibrado,epa,1000,24234.956,3604,543.9170074966903,43.323312996702754
19,equilibrado,fcfs,1000,24234.119,3604,543.8868766147572,43.33693941131302
19,equilibrado,prioridade,1000,19477.835,3604,705.7478397035992,11.525771984871511
19,equilibrado,round_robin,1000,30341.051,10872,613.9088673902099,81.91367517751527
19,io_bound,epa,1000,16538.074,6604,312.9906971478194,93.02253451797056
19,io_bound,fcfs,1000,16540.802,6604,313.04499028764263,93.04069023073559
19,io_bound,prioridade,1000,11366.608,6604,227.34367371433305,64.7038243512268
19,io_bound,round_robin,1000,16540.802,6604,313.04499028764263,93.04069023073559
19,prioridades_desbalanceadas,epa,1000,23643.816,3604,548.6133254731506,43.76426028567249
19,prioridades_desbalanceadas,fcfs,1000,23642.219,3604,548.4698327344842,43.77332110054062
19,prioridades_desbalanceadas,prioridade,1000,20061.31,3604,819.7503101737474,9.37764383991208
19,prioridades_desbalanceadas,round_robin,1000,29276.865,10705,606.7592751405145,80.99532395294504
2,cpu_bound,epa,1000,20272.412,1517,486.1291550539345,79.33131556929533
2,cpu_bound,fcfs,1000,20270.996,1517,486.1544069363433,79.32023301290867
2,cpu_bound,prioridade,1000,18508.05,1517,514.1094959168393,56.73198987688234
2,cpu_bound,round_robin,1000,34720.235,10957,850.8338566277995,94.51440208125327
2,equilibrado,epa,1000,23915.693,3598,508.3535090519356,51.82857255332276
2,equilibrado,fcfs,1000,23917.375,3598,508.44208167683297,51.83284240895194
2,equilibrado,prioridade,1000,19026.971,3598,721.5672704469731,10.114691891351807
2,equilibrado,round_robin,1000,29720.193,10844,587.1287854909251,84.44070765577658
2,io_bound,epa,1000,16491.445,6598,310.53514444289635,92.93301000103413
2,io_bound,fcfs,1000,16493.112,6598,310.5760780661471,92.95661484556977
2,io_bound,prioridade,1000,11224.622,6598,219.8854998348861,66.45646692441458
2,io_bound,round_robin,1000,16493.112,6598,310.5760780661471,92.95661484556977
2,prioridades_desbalanceadas,epa,1000,24115.735,3598,530.6988623637426,45.96766532846043
2,prioridades_desbalanceadas,fcfs,1000,24114.492,3598,530.704120593144,45.94224768990391
2,prioridades_desbalanceadas,prioridade,1000,20087.152,3598,734.6865826932045,10.411356130114923
2,prioridades_desbalanceadas,round_robin,1000,30097.809,10855,602.7551328040406,82.02687812346409
20,cpu_bound,epa,1000,19839.501,1487,484.98853719942105,77.85750202671213
20,cpu_bound,fcfs,1000,19837.977,1487,484.9981574468609,77.85353548078949
20,cpu_bound,prioridade,1000,18007.036,1487,501.6034155972707,58.351271880396475
20,cpu_bound,round_robin,1000,34051.873,10761,850.2441978216741,94.08034546874097
20,equilibrado,epa,1000,22981.595,3518,526.3569446719445,42.45798378445597
20,equilibrado,fcfs,1000,22980.452,3518,526.3698624552163,42.45280246091841
20,equilibrado,prioridade,1000,18845.596,3518,771.6192212130292,11.279337571252233
20,equilibrado,round_robin,1000,28698.532,10586,598.5962192111969,80.17957605946307
20,io_bound,epa,1000,16269.061,6517,312.138603860793,92.75565569580563
20,io_bound,fcfs,1000,16271.638,6517,312.17365668007324,92.76822809652975
20,io_bound,prioridade,1000,11148.607,6517,222.83391324368853,64.86699155424978
20,io_bound,round_robin,1000,16271.638,6517,312.17365668007324,92.76822809652975
20,prioridades_desbalanceadas,epa,1000,23071.915,3518,516.2129369240822,50.54455302119622
20,prioridades_desbalanceadas,fcfs,1000,23073.342,3518,516.2908022204412,50.53392664236984
20,prioridades_desbalanceadas,prioridade,1000,19464.282,3518,693.6779377449867,15.002394821191954
20,prioridades_desbalanceadas,round_robin,1000,28700.616,10547,588.0575835796623,84.03696132183875
21,cpu_bound,epa,1000,20109.018,1498,489.61680111078374,77.60559944225128
21,cpu_bound,fcfs,1000,20107.081,1498,489.62512144755465,77.59416942019794
21,cpu_bound,prioridade,1000,17933.698,1498,494.39662999059357,57.49515783399883
21,cpu_bound,round_robin,1000,34352.436,10835,848.6392314101189,94.16123064149261
21,equilibrado,epa,1000,22747.376,3513,526.5961155523833,41.712889833554605
21,equilibrado,fcfs,1000,22747.516,3513,526.724237158029,41.690002544489616
21,equilibrado,prioridade,1000,18616.811,3513,755.447685047708,15.104572773273505
21,equilibrado,round_robin,1000,28639.375,10445,597.4938207045927,80.33171478926138
21,io_bound,epa,1000,16200.525,6512,310.320342711554,92.78183755858038
21,io_bound,fcfs,1000,16203.916,6513,310.41287621305514,92.81060888502317
21,io_bound,prioridade,1000,11077.865,6512,221.82141068820735,66.19269554267393
21,io_bound,round_robin,1000,16203.916,6513,310.41287621305514,92.81060888502317
21,prioridades_desbalanceadas,epa,1000,22700.877,3513,522.1214621516463,51.26356200785675
21,prioridades_desbalanceadas,fcfs,1000,22699.111,3513,522.1963967373542,51.25248212369913
21,prioridades_desbalanceadas,prioridade,1000,19006.747,3513,758.8284724315797,11.105226263477359
21,prioridades_desbalanceadas,round_robin,1000,28038.087,10332,590.131115653701,83.13291299475888
22,cpu_bound,epa,1000,20534.251,1495,501.512190316018,77.15165684102038
22,cpu_bound,fcfs,1000,20532.664,1495,501.53383424242224,77.14282385589115
22,cpu_bound,prioridade,1000,18366.032,1495,511.7499078743557,56.15026841681065
22,cpu_bound,round_robin,1000,34750.952,10821,857.6750927712244,94.48524631057198
22,equilibrado,epa,1000,22287.375,3431,497.41657390871,48.60011671415705
22,equilibrado,fcfs,1000,22284.678,3431,497.49614994520346,48.562705766617796
22,equilibrado,prioridade,1000,19141.778,3431,831.3468646745383,12.95443569751761
22,equilibrado,round_robin,1000,28102.029,10360,598.9042603165698,81.89322592941278
22,io_bound,epa,1000,16052.725,6431,313.68562507331904,92.63149332172999
22,io_bound,fcfs,1000,16054.668,6431,313.71475258581535,92.64852155669651
22,io_bound,prioridade,1000,11154.496,6431,230.88664632810875,65.8699339565527
22,io_bound,round_robin,1000,16054.668,6431,313.71475258581535,92.64852155669651
22,prioridades_desbalanceadas,epa,1000,22337.709,3431,521.2306893185151,38.87069640252908
22,prioridades_desbalanceadas,fcfs,1000,22335.38,3431,521.3285738178508,38.839922260350185
22,prioridades_desbalanceadas,prioridade,1000,18897.905,3431,725.4901378993474,12.89086565438074
22,prioridades_desbalanceadas,round_robin,1000,28009.802,10344,604.1884064449451,78.36723683461572
23,cpu_bound,epa,1000,19880.041,1500,481.5359179849683,77.22247150706893
23,cpu_bound,fcfs,1000,19878.332,1500,481.55619020275753,77.21300109992734
23,cpu_bound,prioridade,1000,17862.445,1500,482.07930676750226,57.818609774686024
23,cpu_bound,round_robin,1000,34633.389,10913,848.5059165726569,94.4749193685619
23,equilibrado,epa,1000,22351.367,3481,512.6297587282781,43.57289894532115
23,equilibrado,fcfs,1000,22350.661,3481,512.5706451415801,43.54842199676362
23,equilibrado,prioridade,1000,18381.206,3481,662.0596543919222,21.01740274268794
23,equilibrado,round_robin,1000,28353.177,10405,599.3740856709104,80.90355194681855
23,io_bound,epa,1000,15949.29,6481,309.07508066107545,92.86234513833368
23,io_bound,fcfs,1000,15951.967,6481,309.12977495233747,92.88055389651
23,io_bound,prioridade,1000,10950.998,6481,223.90102947341106,64.24698237433908
23,io_bound,round_robin,1000,15951.967,6481,309.12977495233747,92.88055389651
23,prioridades_desbalanceadas,epa,1000,22207.155,3481,526.8698336323125,46.838716406284455
23,prioridades_desbalanceadas,fcfs,1000,22207.617,3481,526.8822379307794,46.845955310640775
23,prioridades_desbalanceadas,prioridade,1000,19118.452,3481,814.3722166931828,10.852382273765166
23,prioridades_desbalanceadas,round_robin,1000,27967.664,10339,588.8030182673094,83.01325047629868
24,cpu_bound,epa,1000,19138.65,1478,473.4135741177414,78.44598038988352
24,cpu_bound,fcfs,1000,19137.178,1478,473.398245562246,78.44459575512585
24,cpu_bound,prioridade,1000,17533.845,1478,503.19472024247636,55.14315218237546
24,cpu_bound,round_robin,1000,33059.507,10693,832.8731449840359,93.8698492363518
24,equilibrado,epa,1000,21831.87,3441,534.8022780800957,34.318062331946315
24,equilibrado,fcfs,1000,21834.091,3441,534.7649496140303,34.320299041669855
24,equilibrado,prioridade,1000,17823.016,3441,698.3221792229971,16.90098259019066
24,equilibrado,round_robin,1000,27541.867,10261,607.0192679161701,76.09002234893349
24,io_bound,epa,1000,15881.398,6441,311.099185881877,92.01604318434995
24,io_bound,fcfs,1000,15884.67,6441,311.15332723580633,92.0342531357766
24,io_bound,prioridade,1000,10903.961,6441,225.27068902604344,64.53089361492582
24,io_bound,round_robin,1000,15884.67,6441,311.15332723580633,92.0342531357766
24,prioridades_desbalanceadas,epa,1000,21978.935,3441,535.9669560784771,37.93769264729892
24,prioridades_desbalanceadas,fcfs,1000,21977.645,3441,536.0684213041558,37.916476351748926
24,prioridades_desbalanceadas,prioridade,1000,18904.545,3441,780.285007596246,11.607838195786506
24,prioridades_desbalanceadas,round_robin,1000,27517.223,10274,595.9054325494601,78.5507662602299
25,cpu_bound,epa,1000,19330.184,1488,476.23997110264736,77.66246900383356
25,cpu_bound,fcfs,1000,19328.944,1488,476.25156256368456,77.66018653531577
25,cpu_bound,prioridade,1000,17511.214,1488,494.16709748883073,55.40421609691789
25,cpu_bound,round_robin,1000,33496.468,10672,837.7271041779416,94.30413379136208
25,equilibrado,epa,1000,22958.134,3521,513.1231135225929,42.194089483066804
25,equilibrado,fcfs,1000,22958.495,3521,513.1585617646039,42.20639336918632
25,equilibrado,prioridade,1000,18698.688,3521,702.5530393314654,10.87732752548811
25,equilibrado,round_robin,1000,28910.12,10555,592.7940955804739,80.6896964253675
25,io_bound,epa,1000,16084.655,6521,309.55156015297683,92.40180240356264
25,io_bound,fcfs,1000,16087.192,6521,309.60080963995296,92.42001318861374
25,io_bound,prioridade,1000,11071.195,6521,223.17563549840068,64.72723562490195
25,io_bound,round_robin,1000,16087.192,6521,309.60080963995296,92.42001318861374
25,prioridades_desbalanceadas,epa,1000,23222.342,3521,532.6629538118467,46.79765309066488
25,prioridades_desbalanceadas,fcfs,1000,23222.508,3521,532.742883797188,46.773999823178066
25,prioridades_desbalanceadas,prioridade,1000,19455.287,3521,754.0443573313557,10.97437222937919
25,prioridades_desbalanceadas,round_robin,1000,29000.613,10559,599.1962683281927,82.88255546159118
26,cpu_bound,epa,1000,20454.247,1514,487.9705844029865,78.69393197036052
26,cpu_bound,fcfs,1000,20451.961,1514,487.9558308004396,78.68438908124828
26,cpu_bound,prioridade,1000,18251.368,1514,497.8624251870567,55.911487780997234
26,cpu_bound,round_robin,1000,34775.072,10952,842.188120709722,94.50127703125305
26,equilibrado,epa,1000,22869.504,3514,527.6372369253799,40.56666589789963
26,equilibrado,fcfs,1000,22870.073,3514,527.6744437219583,40.58924004309924
26,equilibrado,prioridade,1000,18591.326,3514,684.3888446724526,12.331976659767795
26,equilibrado,round_robin,1000,28294.039,10491,593.9779896420661,79.20842741160813
26,io_bound,epa,1000,16110.828,6513,307.49890367807734,93.06309895814931
26,io_bound,fcfs,1000,16113.065,6513,307.55517001998487,93.0796794693679
26,io_bound,prioridade,1000,11120.864,6513,224.48483168643304,66.44240777347625
26,io_bound,round_robin,1000,16113.065,6513,307.55517001998487,93.0796794693679
26,prioridades_desbalanceadas,epa,1000,22699.29,3514,518.3116093469729,44.3075379621104
26,prioridades_desbalanceadas,fcfs,1000,22699.441,3514,518.3686229451947,44.287485240241224
26,prioridades_desbalanceadas,prioridade,1000,19047.908,3514,653.7474847988998,18.273222055602304
26,prioridades_desbalanceadas,round_robin,1000,28416.844,10455,588.2497703397125,81.34397066581474
27,cpu_bound,epa,1000,19989.077,1481,497.6972612112463,78.09461815779542
27,cpu_bound,fcfs,1000,19987.289,1481,497.7402136620023,78.08703994396147
27,cpu_bound,prioridade,1000,17878.797,1481,498.04564689027103,58.600170953587146
27,cpu_bound,round_robin,1000,34097.668,10689,856.1076566712941,94.73710048695852
27,equilibrado,epa,1000,22273.107,3453,542.4054202437035,36.574504884008576
27,equilibrado,fcfs,1000,22272.002,3453,542.5389377142652,36.566822864572266
27,equilibrado,prioridade,1000,18689.57,3453,900.9411717928874,12.304020299188888
27,equilibrado,round_robin,1000,28052.988,10387,605.6909579140317,77.10689683559417
27,io_bound,epa,1000,16223.203,6453,314.6745201171419,93.130406880874
27,io_bound,fcfs,1000,16226.728,6453,314.7197505381667,93.14310947700307
27,io_bound,prioridade,1000,11026.712,6453,220.86276918345757,67.69142535420426
27,io_bound,round_robin,1000,16226.728,6453,314.7197505381667,93.14310947700307
27,prioridades_desbalanceadas,epa,1000,22598.177,3453,550.9400761710817,39.76399780804794
27,prioridades_desbalanceadas,fcfs,1000,22595.585,3453,550.9754576476475,39.74438835813458
27,prioridades_desbalanceadas,prioridade,1000,19005.968,3453,804.5245946456138,9.04852656129464
27,prioridades_desbalanceadas,round_robin,1000,28401.434,10415,617.9544298396031,79.843916910879
28,cpu_bound,epa,1000,20483.023,1515,501.95804149324397,78.15217242816915
28,cpu_bound,fcfs,1000,20481.013,1515,501.95858181049175,78.14935201170749
28,cpu_bound,prioridade,1000,18078.293,1515,494.6838124569252,57.3995917983506
28,cpu_bound,round_robin,1000,34734.374,10878,853.5622151260076,94.46307158661699
28,equilibrado,epa,1000,23822.73,3572,524.919352885172,45.15063686021976
28,equilibrado,fcfs,1000,23823.315,3572,524.9664261222925,45.1758232304535
28,equilibrado,prioridade,1000,19321.064,3572,709.0448739131235,12.991744007202529
28,equilibrado,round_robin,1000,29635.617,10669,602.3922025595632,81.8048406543778
28,io_bound,epa,1000,16541.153,6572,312.42583691628784,92.71841085704332
28,io_bound,fcfs,1000,16544.14,6572,312.4801820905145,92.73305971774069
28,io_bound,prioridade,1000,11324.085,6572,224.63363478704932,65.70497207690441
28,io_bound,round_robin,1000,16544.14,6572,312.4801820905145,92.73305971774069
28,prioridades_desbalanceadas,epa,1000,24201.141,3572,528.1354348465331,39.65894921985293
28,prioridades_desbalanceadas,fcfs,1000,24200.989,3572,528.2298104474344,39.623224776873066
28,prioridades_desbalanceadas,prioridade,1000,20206.925,3572,684.3233758180694,14.3287395474161
28,prioridades_desbalanceadas,round_robin,1000,30248.514,10789,610.2060711656394,79.5499143151387
29,cpu_bound,epa,1000,19679.217,1484,480.4894221595668,78.22179733431129
29,cpu_bound,fcfs,1000,19677.656,1484,480.4929505375873,78.21465078535913
29,cpu_bound,prioridade,1000,17945.362,1484,512.1200213880679,56.14345689836509
29,cpu_bound,round_robin,1000,33809.257,10724,843.5133401516575,94.20218759018388
29,equilibrado,epa,1000,22610.689,3477,482.97239420284205,55.82886195567097
29,equilibrado,fcfs,1000,22608.65,3477,482.95525393914346,55.867798270836694
29,equilibrado,prioridade,1000,18363.907,3477,701.2517859535388,10.681676025021511
29,equilibrado,round_robin,1000,28859.576,10468,599.1718196057408,83.94646370965657
29,io_bound,epa,1000,16046.923,6477,308.3464899080832,93.10430017896637
29,io_bound,fcfs,1000,16049.618,6477,308.40496171124437,93.13175478528004
29,io_bound,prioridade,1000,11176.16,6477,228.7024800184415,64.85913549964953
29,io_bound,round_robin,1000,16049.618,6477,308.40496171124437,93.13175478528004
29,prioridades_desbalanceadas,epa,1000,22862.214,3477,520.8590080618422,42.213702019667124
29,prioridades_desbalanceadas,fcfs,1000,22860.802,3477,520.8603222736602,42.17264080420101
29,prioridades_desbalanceadas,prioridade,1000,19213.334,3477,662.6661987787103,13.136262958059984
29,prioridades_desbalanceadas,round_robin,1000,28972.327,10586,602.548520079303,81.72063856195703
3,cpu_bound,epa,1000,20577.12,1510,500.7524188522006,77.70654275529608
3,cpu_bound,fcfs,1000,20575.575,1510,500.785393231258,77.68874879107258
3,cpu_bound,prioridade,1000,18444.237,1510,510.13764527043855,56.505274501060846
3,cpu_bound,round_robin,1000,34924.716,10992,854.3558216446581,94.24059221286453
3,equilibrado,epa,1000,23144.544,3516,546.1697680562588,37.6452042825293
3,equilibrado,fcfs,1000,23143.633,3516,546.0915515036849,37.67237658221441
3,equilibrado,prioridade,1000,19056.814,3516,856.6954596250744,11.718185783801912
3,equilibrado,round_robin,1000,29103.645,10686,615.2023620901607,77.54698672953981
3,io_bound,epa,1000,16253.481,6516,312.29537896358346,92.18949950836837
3,io_bound,fcfs,1000,16255.653,6516,312.3400215900399,92.20649159435942
3,io_bound,prioridade,1000,11150.374,6516,224.76306404493783,65.22571260069583
3,io_bound,round_robin,1000,16255.653,6516,312.3400215900399,92.20649159435942
3,prioridades_desbalanceadas,epa,1000,22975.551,3516,565.1062127606408,36.91200504688276
3,prioridades_desbalanceadas,fcfs,1000,22973.543,3516,565.2636152660541,36.87560421821734
3,prioridades_desbalanceadas,prioridade,1000,19808.025,3516,801.8719224605885,10.426888696416514
3,prioridades_desbalanceadas,round_robin,1000,28687.034,10665,614.8239186034293,77.49293561580913
30,cpu_bound,epa,1000,20351.416,1495,495.23073905111676,79.32005744042026
30,cpu_bound,fcfs,1000,20349.799,1495,495.24957982377884,79.31295436516511
30,cpu_bound,prioridade,1000,18074.006,1495,486.3263224561206,59.66922545200742
30,cpu_bound,round_robin,1000,34681.429,10846,857.1866159927662,94.70270955427328
30,equilibrado,epa,1000,23608.83,3538,558.9264202069078,40.02019154628185
30,equilibrado,fcfs,1000,23608.402,3538,559.0621614601157,40.00524317537984
30,equilibrado,prioridade,1000,19242.808,3538,767.5494904728836,12.639105508995232
30,equilibrado,round_robin,1000,29155.346,10603,608.490151011306,78.62001494523652
30,io_bound,epa,1000,16548.023,6538,314.09525874361145,93.42035699675728
30,io_bound,fcfs,1000,16550.738,6538,314.1512911880338,93.44321637960498
30,io_bound,prioridade,1000,11298.375,6538,225.0960047059939,66.18912954658263
30,io_bound,round_robin,1000,16550.738,6538,314.1512911880338,93.44321637960498
30,prioridades_desbalanceadas,epa,1000,24112.435,3538,542.1055552785942,42.65871167777788
30,prioridades_desbalanceadas,fcfs,1000,24111.188,3538,542.1070924434622,42.676849715798795
30,prioridades_desbalanceadas,prioridade,1000,20282.406,3538,740.0318530277631,14.015397895862758
30,prioridades_desbalanceadas,round_robin,1000,30239.526,10827,619.4102846190185,80.9988046641478
31,cpu_bound,epa,1000,19593.876,1484,480.94457312767844,77.06992731638346
31,cpu_bound,fcfs,1000,19591.89,1484,480.94440125296325,77.06112536756756
31,cpu_bound,prioridade,1000,17772.944,1484,493.33908373627156,57.83120909145847
31,cpu_bound,round_robin,1000,33647.171,10736,840.6078632589866,93.95903091605966
31,equilibrado,epa,1000,22078.213,3448,545.390973615822,30.34946598785981
31,equilibrado,fcfs,1000,22077.734,3448,545.424609809577,30.376480164422944
31,equilibrado,prioridade,1000,18130.234,3448,855.4378750442627,9.206254435362501
31,equilibrado,round_robin,1000,27970.643,10322,605.6852738757085,74.21052011908762
31,io_bound,epa,1000,15977.293,6447,310.29425272215576,92.38010598108984
31,io_bound,fcfs,1000,15980.224,6447,310.3407345681059,92.39412459456108
31,io_bound,prioridade,1000,10952.774,6447,221.2159420834421,66.27330066784623
31,io_bound,round_robin,1000,15980.224,6447,310.3407345681059,92.39412459456108
31,prioridades_desbalanceadas,epa,1000,22101.567,3448,536.4061963683495,35.30669291084157
31,prioridades_desbalanceadas,fcfs,1000,22102.199,3448,536.4068302833697,35.30445060507252
31,prioridades_desbalanceadas,prioridade,1000,18828.908,3448,704.7839582520189,14.074962389235033
31,prioridades_desbalanceadas,round_robin,1000,27941.145,10391,603.4183519551426,77.13854703412056
32,cpu_bound,epa,1000,20328.001,1522,482.553348647479,77.89004039574748
32,cpu_bound,fcfs,1000,20326.537,1522,482.5590435785283,77.8867904790774
32,cpu_bound,prioridade,1000,18157.167,1522,491.83055562038277,57.25345601586414
32,cpu_bound,round_robin,1000,34647.689,11029,837.0689386592466,94.06947874668768
32,equilibrado,epa,1000,22678.999,3525,512.1592719510618,39.07561362271952
32,equilibrado,fcfs,1000,22679.567,3525,512.2281672010166,39.05527097749575
32,equilibrado,prioridade,1000,18497.16,3525,754.2741096293125,11.851792765833524
32,equilibrado,round_robin,1000,28601.8,10602,584.5001967479972,79.74636104733779
32,io_bound,epa,1000,15944.823,6524,305.46455811594166,92.1463144681963
32,io_bound,fcfs,1000,15947.919,6524,305.5208882214261,92.16471517493831
32,io_bound,prioridade,1000,10949.884,6524,222.67609279944415,64.20153907154373
32,io_bound,round_robin,1000,15947.919,6524,305.5208882214261,92.16471517493831
32,prioridades_desbalanceadas,epa,1000,22514.395,3525,511.360712828047,37.541374213274324
32,prioridades_desbalanceadas,fcfs,1000,22513.085,3525,511.3551973051975,37.53170592165748
32,prioridades_desbalanceadas,prioridade,1000,19256.186,3525,725.9834825923236,10.957361089051707
32,prioridades_desbalanceadas,round_robin,1000,28432.952,10578,587.1379720154267,78.55232132968027
33,cpu_bound,epa,1000,20876.967,1518,495.2723695452653,77.70778317722973
33,cpu_bound,fcfs,1000,20874.925,1518,495.276934748412,77.69845115185277
33,cpu_bound,prioridade,1000,18679.918,1518,514.002467162493,56.57744297486042
33,cpu_bound,round_robin,1000,35387.707,11090,850.8103520467585,94.3509711540595
33,equilibrado,epa,1000,23886.482,3570,538.109809180157,36.457708671685076
33,equilibrado,fcfs,1000,23884.333,3570,538.145195116459,36.442735848712374
33,equilibrado,prioridade,1000,19273.351,3570,804.4106090395311,10.45751688074464
33,equilibrado,round_robin,1000,29820.883,10710,609.3065916602187,77.80640190164985
33,io_bound,epa,1000,16527.721,6570,312.2821999397024,93.00450896182039
33,io_bound,fcfs,1000,16531.008,6570,312.331104708712,93.02592483176265
33,io_bound,prioridade,1000,11279.22,6570,223.75986133267685,66.31533134607791
33,io_bound,round_robin,1000,16531.008,6570,312.331104708712,93.02592483176265
33,prioridades_desbalanceadas,epa,1000,23910.781,3570,509.98791955177705,47.145309585945654
33,prioridades_desbalanceadas,fcfs,1000,23910.239,3570,510.01797062455836,47.152321246469924
33,prioridades_desbalanceadas,prioridade,1000,20084.604,3570,668.3510017281642,17.692786144195114
33,prioridades_desbalanceadas,round_robin,1000,30190.303,10732,609.0802470182734,82.59114896321914
34,cpu_bound,epa,1000,20306.691,1506,490.7099892554016,77.77903595066407
34,cpu_bound,fcfs,1000,20304.472,1506,490.7181430569662,77.77080311738236
34,cpu_bound,prioridade,1000,18214.0,1506,502.0860977247814,57.62276714356244
34,cpu_bound,round_robin,1000,34825.96,10909,852.4107904441443,94.48475740491124
34,equilibrado,epa,1000,22998.454,3513,537.8748578785032,35.98398545166223
34,equilibrado,fcfs,1000,22996.047,3513,537.8974827228927,35.97477359715236
34,equilibrado,prioridade,1000,18925.921,3513,742.8891112431744,12.572966058288962
34,equilibrado,round_robin,1000,29018.692,10568,608.7830568526505,78.01834965092513
34,io_bound,epa,1000,16354.854,6513,313.14065297054026,92.81022573126876
34,io_bound,fcfs,1000,16357.915,6513,313.19543156636007,92.83350895617261
34,io_bound,prioridade,1000,11224.48,6513,226.64263613474847,64.860889830635
34,io_bound,round_robin,1000,16357.915,6513,313.19543156636007,92.83350895617261
34,prioridades_desbalanceadas,epa,1000,23059.677,3513,491.1233428920505,53.690048663487325
34,prioridades_desbalanceadas,fcfs,1000,23059.19,3513,491.15551428877274,53.615239372436506
34,prioridades_desbalanceadas,prioridade,1000,19873.576,3513,715.8923739403193,11.823435033713507
34,prioridades_desbalanceadas,round_robin,1000,29280.198,10560,604.9452589664404,83.50441222626029
35,cpu_bound,epa,1000,20674.134,1504,499.5875776749093,77.63828584163593
35,cpu_bound,fcfs,1000,20672.816,1504,499.6066056777025,77.63186514577205
35,cpu_bound,prioridade,1000,18451.357,1504,503.44713312804595,58.246893590986524
35,cpu_bound,round_robin,1000,35033.789,10946,857.5054151711082,94.62947979753379
35,equilibrado,epa,1000,24089.665,3584,521.363594434063,42.30870968230781
35,equilibrado,fcfs,1000,24088.213,3584,521.4415495053188,42.29664326673249
35,equilibrado,prioridade,1000,19470.502,3584,653.5913835717686,15.235982663037621
35,equilibrado,round_robin,1000,29939.646,10839,604.4370442969198,81.0269980858025
35,io_bound,epa,1000,16597.802,6582,314.86644771772546,93.2984292068846
35,io_bound,fcfs,1000,16599.88,6582,314.90103088747884,93.31385068006023
35,io_bound,prioridade,1000,11406.012,6582,230.0511869194552,65.13423529990295
35,io_bound,round_robin,1000,16599.88,6582,314.90103088747884,93.31385068006023
35,prioridades_desbalanceadas,epa,1000,23856.932,3584,500.83197741233494,49.705245767069876
35,prioridades_desbalanceadas,fcfs,1000,23855.979,3584,500.92857971598954,49.67523558790377
35,prioridades_desbalanceadas,prioridade,1000,20185.434,3584,609.8944329225233,14.094330432818085
35,prioridades_desbalanceadas,round_robin,1000,29884.028,10769,601.2746028521458,83.2541860168519
36,cpu_bound,epa,1000,20594.001,1524,487.55130609337954,77.47434886313876
36,cpu_bound,fcfs,1000,20592.164,1524,487.5533096296846,77.46627606653252
36,cpu_bound,prioridade,1000,18496.992,1524,500.8405159278086,56.48498282523562
36,cpu_bound,round_robin,1000,34883.732,11059,838.1394777114726,93.99368453396914
36,equilibrado,epa,1000,23540.621,3570,508.34203594296594,38.28626453684271
36,equilibrado,fcfs,1000,23540.824,3570,508.4196452016598,38.28532154692561
36,equilibrado,prioridade,1000,18946.999,3570,675.1583183152047,11.76286954606239
36,equilibrado,round_robin,1000,29760.781,10780,596.5067093583214,78.86544220032634
36,io_bound,epa,1000,16397.759,6570,305.5417676354237,92.7933186791479
36,io_bound,fcfs,1000,16399.898,6570,305.5743196727134,92.80945765184049
36,io_bound,prioridade,1000,11368.313,6570,225.93598877616466,65.76630129600002
36,io_bound,round_robin,1000,16399.898,6570,305.5743196727134,92.80945765184049
36,prioridades_desbalanceadas,epa,1000,23975.485,3570,498.6513749562735,55.61759611186806
36,prioridades_desbalanceadas,fcfs,1000,23975.877,3570,498.7666725341895,55.588609573493386
36,prioridades_desbalanceadas,prioridade,1000,20101.319,3570,682.8020943136695,12.618100010901818
36,prioridades_desbalanceadas,round_robin,1000,30082.418,10967,595.8352834162054,84.12623695734973
37,cpu_bound,epa,1000,20272.281,1488,489.29384797272155,77.84298397202639
37,cpu_bound,fcfs,1000,20270.562,1488,489.2946001839588,77.84040704955041
37,cpu_bound,prioridade,1000,18315.309,1488,507.7486445831794,57.601323769932804
37,cpu_bound,round_robin,1000,34771.235,10834,858.4453613626832,94.62237283529055
37,equilibrado,epa,1000,22643.265,3480,533.5563776519418,37.661747455350216
37,equilibrado,fcfs,1000,22644.134,3480,533.7497441082411,37.63895938098002
37,equilibrado,prioridade,1000,18609.367,3480,731.362126317365,14.823049245747342
37,equilibrado,round_robin,1000,28146.439,10502,599.4771420579726,78.19988107131326
37,io_bound,epa,1000,16304.19,6478,310.6334329627957,93.04564135879637
37,io_bound,fcfs,1000,16306.204,6478,310.6722493658081,93.05954852055982
37,io_bound,prioridade,1000,11371.557,6478,231.145701240983,66.02517074285976
37,io_bound,round_robin,1000,16306.204,6478,310.6722493658081,93.05954852055982
37,prioridades_desbalanceadas,epa,1000,22269.575,3480,509.0577022160462,42.25261919545367
37,prioridades_desbalanceadas,fcfs,1000,22270.129,3480,509.09786134963554,42.24029713834735
37,prioridades_desbalanceadas,prioridade,1000,18851.89,3480,711.0387254014479,12.14497109215023
37,prioridades_desbalanceadas,round_robin,1000,28170.228,10368,600.5817079696902,80.22774468881272
38,cpu_bound,epa,1000,19758.775,1487,481.71745302360523,77.87534859105716
38,cpu_bound,fcfs,1000,19757.368,1487,481.72935070248957,77.86759496021747
38,cpu_bound,prioridade,1000,17675.532,1487,484.35185274466477,57.936206700797385
38,cpu_bound,round_robin,1000,33989.688,10749,842.2205163202715,94.14598624694456
38,equilibrado,epa,1000,22424.137,3472,538.7031927469271,41.06058564874907
38,equilibrado,fcfs,1000,22421.695,3472,538.6378547051124,41.05114917802517
38,equilibrado,prioridade,1000,18783.215,3472,821.2089797484433,12.4835828176846
38,equilibrado,round_robin,1000,28035.733,10365,602.0851595813161,79.68267798876846
38,io_bound,epa,1000,15981.39,6470,310.0426334905963,92.70462865785616
38,io_bound,fcfs,1000,15983.891,6470,310.09352558874133,92.71912267408045
38,io_bound,prioridade,1000,11085.195,6470,229.8957500136538,63.98177376932662
38,io_bound,round_robin,1000,15983.891,6470,310.09352558874133,92.71912267408045
38,prioridades_desbalanceadas,epa,1000,21855.313,3472,548.7324662578584,33.3875225475925
38,prioridades_desbalanceadas,fcfs,1000,21854.657,3472,548.7632438943117,33.37606078318247
38,prioridades_desbalanceadas,prioridade,1000,18836.44,3472,756.5158258682511,15.7416461680759
38,prioridades_desbalanceadas,round_robin,1000,27447.243,10284,599.1884822485796,74.72975697173004
39,cpu_bound,epa,1000,19927.273,1491,482.93421866651414,77.03805772304622
39,cpu_bound,fcfs,1000,19926.115,1491,482.99202438885084,77.03634611772188
39,cpu_bound,prioridade,1000,18027.836,1491,494.0208621190611,55.658621135580155
39,cpu_bound,round_robin,1000,34418.418,10890,847.4788209208639,94.3774088374825
39,equilibrado,epa,1000,22653.113,3466,524.9062452834584,41.6972097669227
39,equilibrado,fcfs,1000,22652.145,3466,524.9192513280574,41.72123874927674
39,equilibrado,prioridade,1000,18373.758,3466,781.6819088001656,11.00409427112655
39,equilibrado,round_robin,1000,28633.884,10475,604.9184457708407,80.87828629242472
39,io_bound,epa,1000,16111.818,6466,309.7195439805195,93.18586038772868
39,io_bound,fcfs,1000,16115.453,6466,309.7761502380172,93.20613952974541
39,io_bound,prioridade,1000,11026.527,6466,221.3071445873341,65.9798140858977
39,io_bound,round_robin,1000,16115.453,6466,309.7761502380172,93.20613952974541
39,prioridades_desbalanceadas,epa,1000,22417.161,3466,531.8371047169711,39.301709800474555
39,prioridades_desbalanceadas,fcfs,1000,22417.491,3466,531.8885089683381,39.31335205845412
39,prioridades_desbalanceadas,prioridade,1000,18807.476,3466,710.3388075307095,10.644063938385976
39,prioridades_desbalanceadas,round_robin,1000,28271.625,10401,598.7597292621123,79.28122640791248
4,cpu_bound,epa,1000,21289.481,1530,505.7446251803184,79.01641436894248
4,cpu_bound,fcfs,1000,21286.81,1530,505.7458401501632,79.00841906371951
4,cpu_bound,prioridade,1000,18820.646,1530,505.9712197161085,56.15356330026186
4,cpu_bound,round_robin,1000,35728.86,11199,855.7607804857431,94.48750290136131
4,equilibrado,epa,1000,24735.87,3623,544.3862748272838,42.83378178445876
4,equilibrado,fcfs,1000,24736.299,3623,544.5681505361055,42.80836223117501
4,equilibrado,prioridade,1000,19935.594,3623,740.4750581326032,11.842233784429167
4,equilibrado,round_robin,1000,30903.653,10962,620.6785251029662,80.50159722380347
4,io_bound,epa,1000,16842.479,6622,316.4552777780238,92.58583442281842
4,io_bound,fcfs,1000,16846.304,6622,316.51719266712604,92.61152288051197
4,io_bound,prioridade,1000,11497.114,6622,227.70470415640372,65.65224344850338
4,io_bound,round_robin,1000,16846.304,6622,316.51719266712604,92.61152288051197
4,prioridades_desbalanceadas,epa,1000,24801.962,3623,548.9542094853351,42.73616208863067
4,prioridades_desbalanceadas,fcfs,1000,24799.226,3623,549.0004725075304,42.706972274461215
4,prioridades_desbalanceadas,prioridade,1000,20366.336,3623,658.3987866728486,12.362690385194092
4,prioridades_desbalanceadas,round_robin,1000,30938.054,10927,621.3745217963286,81.63947311411017
40,cpu_bound,epa,1000,20676.259,1530,495.6116072604663,77.50104609985426
40,cpu_bound,fcfs,1000,20674.563,1530,495.63920178873695,77.49451541833598
40,cpu_bound,prioridade,1000,18375.132,1530,502.37137925836134,56.19541631098904
40,cpu_bound,round_robin,1000,34980.389,11065,842.1981026810491,93.98885533718597
40,equilibrado,epa,1000,23533.965,3609,512.3333647229416,46.410137667579754
40,equilibrado,fcfs,1000,23532.405,3609,512.294790429272,46.39735370848939
40,equilibrado,prioridade,1000,18859.679,3609,622.8464279029288,16.59833328382466
40,equilibrado,round_robin,1000,29560.87,10685,595.3046977769112,82.45997604008149
40,io_bound,epa,1000,16291.319,6608,307.8922591064404,93.0178833302839
40,io_bound,fcfs,1000,16293.72,6608,307.93401059930505,93.03485509984542
40,io_bound,prioridade,1000,11201.932,6608,224.02977594642877,65.75211705041036
40,io_bound,round_robin,1000,16293.72,6608,307.93401059930505,93.03485509984542
40,prioridades_desbalanceadas,epa,1000,23712.138,3608,544.8790363383292,34.066537638658765
40,prioridades_desbalanceadas,fcfs,1000,23712.062,3608,545.0532402200578,34.02411647842245
40,prioridades_desbalanceadas,prioridade,1000,19666.428,3608,717.1511092250911,10.955715543164676
40,prioridades_desbalanceadas,round_robin,1000,29601.208,10700,607.6925441310553,76.30070841748234
41,cpu_bound,epa,1000,20260.403,1512,478.0253970020429,77.95755643606348
41,cpu_bound,fcfs,1000,20258.914,1512,478.0367007923448,77.95415830747972
41,cpu_bound,prioridade,1000,18013.744,1512,487.64934879519,57.5308958366802
41,cpu_bound,round_robin,1000,34554.726,11027,829.0731622420907,93.91894762080008
41,equilibrado,epa,1000,22882.007,3520,512.5739289930822,38.16981957567744
41,equilibrado,fcfs,1000,22880.589,3520,512.5832796495756,38.172826001020255
41,equilibrado,prioridade,1000,18719.752,3520,743.5503910835675,11.328771749752189
41,equilibrado,round_robin,1000,28982.907,10602,589.4679944725328,78.80233160329688
41,io_bound,epa,1000,16119.949,6520,304.7313987749463,92.20795566501593
41,io_bound,fcfs,1000,16122.533,6520,304.77495778793843,92.23363435092922
41,io_bound,prioridade,1000,11099.844,6520,222.99687489191305,65.3672563210343
41,io_bound,round_robin,1000,16122.533,6520,304.77495778793843,92.23363435092922
41,prioridades_desbalanceadas,epa,1000,22686.484,3520,519.0081421322711,41.11306490551817
41,prioridades_desbalanceadas,fcfs,1000,22686.446,3520,519.0411171839376,41.0840832732378
41,prioridades_desbalanceadas,prioridade,1000,19344.775,3520,758.8127319163576,13.414365715498127
41,prioridades_desbalanceadas,round_robin,1000,28462.162,10461,582.9112634003429,80.21567464595884
42,cpu_bound,epa,1000,19955.798,1507,474.9200777548589,77.90723521709084
42,cpu_bound,fcfs,1000,19953.964,1507,474.93491353800243,77.89585706478195
42,cpu_bound,prioridade,1000,18003.794,1507,490.12869063753874,56.55217035180268
42,cpu_bound,round_robin,1000,34394.287,10946,833.2835882095918,93.657399166695
42,equilibrado,epa,1000,22738.535,3519,505.664221137291,40.057468800150126
42,equilibrado,fcfs,1000,22738.44,3519,505.74436607461837,40.075455617403065
42,equilibrado,prioridade,1000,18595.431,3519,746.676793291014,10.917111421402883
42,equilibrado,round_robin,1000,28583.834,10574,591.7896989390922,78.76433369260401
42,io_bound,epa,1000,16151.22,6518,306.1589743228656,91.69990225314271
42,io_bound,fcfs,1000,16154.306,6518,306.2033659639084,91.71911690615055
42,io_bound,prioridade,1000,11277.133,6518,227.57730719657968,64.61698365613829
42,io_bound,round_robin,1000,16154.306,6518,306.2033659639084,91.71911690615055
42,prioridades_desbalanceadas,epa,1000,22922.092,3519,533.7582086995902,33.7463423142503
42,prioridades_desbalanceadas,fcfs,1000,22921.914,3519,533.9266019643751,33.721442576701364
42,prioridades_desbalanceadas,prioridade,1000,19169.422,3519,679.7519240319216,12.766602672923835
42,prioridades_desbalanceadas,round_robin,1000,29115.369,10638,610.3921385985735,77.2241761964504
43,cpu_bound,epa,1000,19030.507,1469,474.2180762536363,77.26842541979774
43,cpu_bound,fcfs,1000,19029.771,1469,474.243470497631,77.26570495348602
43,cpu_bound,prioridade,1000,17223.821,1469,477.80119033129455,57.32100309956043
43,cpu_bound,round_robin,1000,33380.694,10629,846.8356658440399,94.24085243371678
43,equilibrado,epa,1000,21211.221,3364,512.5064449101018,50.077613716781215
43,equilibrado,fcfs,1000,21209.741,3364,512.5613091035481,50.009638625186106
43,equilibrado,prioridade,1000,17617.297,3364,739.8112744739345,14.527062593562338
43,equilibrado,round_robin,1000,26674.237,9984,583.044453085944,83.06961776670364
43,io_bound,epa,1000,15674.653,6364,310.67636488773184,92.30241804224735
43,io_bound,fcfs,1000,15677.547,6364,310.7255370084514,92.32206541597435
43,io_bound,prioridade,1000,10818.135,6364,226.77860827334837,65.29163316199994
43,io_bound,round_robin,1000,15677.547,6364,310.7255370084514,92.32206541597435
43,prioridades_desbalanceadas,epa,1000,21784.995,3364,514.5577804532247,54.05733189432684
43,prioridades_desbalanceadas,fcfs,1000,21784.382,3364,514.4956281281552,54.14341775329305
43,prioridades_desbalanceadas,prioridade,1000,18696.729,3364,728.2974697184342,11.61290668283553
43,prioridades_desbalanceadas,round_robin,1000,27506.401,10172,596.1279111580518,85.42503664484214
44,cpu_bound,epa,1000,20691.743,1509,501.12240530096784,77.71764700484685
44,cpu_bound,fcfs,1000,20690.042,1509,501.1371189183753,77.71002110640949
44,cpu_bound,prioridade,1000,18235.253,1509,497.1606574646482,55.80886557054063
44,cpu_bound,round_robin,1000,35221.225,10983,856.7871518453593,94.22148227652767
44,equilibrado,epa,1000,23054.107,3520,545.0305340266628,36.94309830062052
44,equilibrado,fcfs,1000,23054.299,3520,545.0908238953946,36.9089338553434
44,equilibrado,prioridade,1000,18654.299,3520,710.9758802129393,13.953929589639495
44,equilibrado,round_robin,1000,29164.272,10579,621.0795554892567,78.84974768937904
44,io_bound,epa,1000,16109.784,6519,311.1326032406176,92.9595678185581
44,io_bound,fcfs,1000,16112.988,6519,311.19640238451564,92.97617393801725
44,io_bound,prioridade,1000,11047.306,6519,224.4007424819361,65.25638037522666
44,io_bound,round_robin,1000,16112.988,6519,311.19640238451564,92.97617393801725
44,prioridades_desbalanceadas,epa,1000,22492.606,3520,532.0828390001575,43.16128754237277
44,prioridades_desbalanceadas,fcfs,1000,22491.912,3520,532.1032416487933,43.157688225007426
44,prioridades_desbalanceadas,prioridade,1000,19354.503,3520,781.3994431277063,12.361080027870468
44,prioridades_desbalanceadas,round_robin,1000,28037.411,10395,594.9393646800205,80.47942143758367
45,cpu_bound,epa,1000,20061.175,1502,480.824953405371,78.69341816670168
45,cpu_bound,fcfs,1000,20059.676,1502,480.8168647253269,78.69020033899594
45,cpu_bound,prioridade,1000,18420.614,1502,511.53753679530803,58.18044961993525
45,cpu_bound,round_robin,1000,34637.607,10888,850.9337932250864,94.68920938319144
45,equilibrado,epa,1000,22635.497,3495,500.5616120879156,52.42158493682429
45,equilibrado,fcfs,1000,22633.883,3495,500.58763306904007,52.42441194570534
45,equilibrado,prioridade,1000,18454.464,3495,638.5153242587179,20.044201484625802
45,equilibrado,round_robin,1000,28448.431,10463,596.8963548657028,83.8916641771591
45,io_bound,epa,1000,16154.927,6494,308.9230564357175,93.46914657667384
45,io_bound,fcfs,1000,16157.446,6494,308.981171640914,93.48778348417575
45,io_bound,prioridade,1000,11076.195,6494,224.5306484050841,65.16670609273883
45,io_bound,round_robin,1000,16157.446,6494,308.981171640914,93.48778348417575
45,prioridades_desbalanceadas,epa,1000,22504.978,3496,521.4693212047378,38.654511829027065
45,prioridades_desbalanceadas,fcfs,1000,22505.207,3496,521.6851225031126,38.61084439654454
45,prioridades_desbalanceadas,prioridade,1000,18880.695,3496,689.7737872900356,14.938330335329628
45,prioridades_desbalanceadas,round_robin,1000,28180.459,10382,596.8055241917165,79.86129586640779
46,cpu_bound,epa,1000,19649.206,1510,479.3609604482406,78.23684200128004
46,cpu_bound,fcfs,1000,19647.544,1510,479.37487086781994,78.23092682734018
46,cpu_bound,prioridade,1000,17539.832,1510,478.2100299503008,57.66246327881659
46,cpu_bound,round_robin,1000,33992.328,10850,838.7107822204068,94.08294353011374
46,equilibrado,epa,1000,23368.733,3578,532.0305067099839,40.864608526470285
46,equilibrado,fcfs,1000,23369.024,3578,532.032489139906,40.90619485507386
46,equilibrado,prioridade,1000,19218.305,3578,749.600727886237,13.654027026046773
46,equilibrado,round_robin,1000,29319.065,10775,604.7511579279782,79.6666179493225
46,io_bound,epa,1000,16414.457,6578,311.5233591084847,93.1745756325582
46,io_bound,fcfs,1000,16416.685,6578,311.55687509918715,93.18640583592813
46,io_bound,prioridade,1000,11119.985,6578,217.87431795495,65.52175508488925
46,io_bound,round_robin,1000,16416.685,6578,311.55687509918715,93.18640583592813
46,prioridades_desbalanceadas,epa,1000,23644.147,3577,545.5091488249412,38.668254536749494
46,prioridades_desbalanceadas,fcfs,1000,23644.751,3577,545.4546075749766,38.71212622333832
46,prioridades_desbalanceadas,prioridade,1000,19906.566,3577,683.7293753552807,16.388127466092467
46,prioridades_desbalanceadas,round_robin,1000,29412.812,10751,603.5868791754267,79.37007730646003
47,cpu_bound,epa,1000,19121.015,1478,480.2123347505341,77.1954162893371
47,cpu_bound,fcfs,1000,19119.801,1478,480.22182953644966,77.19088713632249
47,cpu_bound,prioridade,1000,17349.41,1478,493.84140877780067,56.68469749177111
47,cpu_bound,round_robin,1000,32901.975,10543,836.2948713247889,93.97221207622201
47,equilibrado,epa,1000,22159.701,3446,544.6181827002113,32.956429253787526
47,equilibrado,fcfs,1000,22157.569,3446,544.6210244777529,32.94817628664896
47,equilibrado,prioridade,1000,18339.793,3446,852.3085236523468,9.602883118104009
47,equilibrado,round_robin,1000,28046.064,10347,607.6130689312462,76.47774984847736
47,io_bound,epa,1000,15907.032,6444,312.4947848682781,92.64121925894258
47,io_bound,fcfs,1000,15910.052,6444,312.5375856686684,92.65494145034009
47,io_bound,prioridade,1000,10914.612,6444,223.9265489764792,64.35086535102549
47,io_bound,round_robin,1000,15910.052,6444,312.5375856686684,92.65494145034009
47,prioridades_desbalanceadas,epa,1000,22359.939,3446,511.0724076332435,42.61201958420727
47,prioridades_desbalanceadas,fcfs,1000,22356.46,3446,511.1367122716451,42.60207668018697
47,prioridades_desbalanceadas,prioridade,1000,18947.243,3446,741.3892921426185,9.485561368605962
47,prioridades_desbalanceadas,round_robin,1000,28150.786,10388,595.2602649416966,80.74961408542002
48,cpu_bound,epa,1000,20151.614,1492,491.6982625635705,77.26817267616411
48,cpu_bound,fcfs,1000,20149.986,1492,491.69586403490524,77.25806418219388
48,cpu_bound,prioridade,1000,18134.219,1492,502.87227605764224,57.136817081152564
48,cpu_bound,round_robin,1000,34571.252,10875,855.5909043182285,94.49674370699748
48,equilibrado,epa,1000,22121.394,3434,552.9743934506747,31.69828561644361
48,equilibrado,fcfs,1000,22121.599,3434,552.9030100923184,31.758654011253793
48,equilibrado,prioridade,1000,18211.329,3434,775.0352364887632,13.22722578673091
48,equilibrado,round_robin,1000,28034.03,10309,616.3738590375198,75.94636689156695
48,io_bound,epa,1000,16009.078,6434,311.2201386252035,93.14721204014884
48,io_bound,fcfs,1000,16011.813,6434,311.23500553588946,93.16302032929651
48,io_bound,prioridade,1000,11110.35,6434,228.53527517540468,66.24551362698432
48,io_bound,round_robin,1000,16011.813,6434,311.23500553588946,93.16302032929651
48,prioridades_desbalanceadas,epa,1000,22183.721,3434,510.4388144662485,48.98431725406699
48,prioridades_desbalanceadas,fcfs,1000,22185.974,3434,510.514371860657,48.95939688880007
48,prioridades_desbalanceadas,prioridade,1000,19373.381,3434,746.2078686147502,16.453177319948164
48,prioridades_desbalanceadas,round_robin,1000,27953.871,10294,600.2484248121355,83.5445952561316
49,cpu_bound,epa,1000,20374.591,1510,485.11266702009993,78.5784158718681
49,cpu_bound,fcfs,1000,20372.995,1510,485.11238686551997,78.57373060022117
49,cpu_bound,prioridade,1000,18261.831,1510,499.1825359798399,57.69728382671926
49,cpu_bound,round_robin,1000,34712.504,10974,840.8614971376662,94.47206142148012
49,equilibrado,epa,1000,23017.737,3500,525.8760307497859,33.922827060088856
49,equilibrado,fcfs,1000,23017.848,3500,525.9601511900321,33.89224108728933
49,equilibrado,prioridade,1000,19172.811,3500,781.3884169057085,11.498196102049848
49,equilibrado,round_robin,1000,29052.712,10629,603.0920501720905,77.22971295314638
49,io_bound,epa,1000,16144.986,6499,308.3637582271803,93.09504159788189
49,io_bound,fcfs,1000,16146.752,6499,308.39431359652707,93.11329759551447
49,io_bound,prioridade,1000,11219.805,6500,229.1503792042556,65.52458430409379
49,io_bound,round_robin,1000,16146.752,6499,308.39431359652707,93.11329759551447
49,prioridades_desbalanceadas,epa,1000,22796.253,3500,528.0652051250754,37.922632584834915
49,prioridades_desbalanceadas,fcfs,1000,22794.685,3500,528.0959882631281,37.85751490320152
49,prioridades_desbalanceadas,prioridade,1000,19284.43,3500,732.3374255025578,10.1874690449533
49,prioridades_desbalanceadas,round_robin,1000,28650.899,10546,593.4124334931445,79.24636374342947
5,cpu_bound,epa,1000,19977.753,1485,493.87656318268716,76.83347166397198
5,cpu_bound,fcfs,1000,19975.221,1485,493.87621907984413,76.82124044203745
5,cpu_bound,prioridade,1000,17707.844,1485,485.05805242997644,57.62863243783486
5,cpu_bound,round_robin,1000,34303.767,10788,853.7819144749812,94.15626022638247
5,equilibrado,epa,1000,22270.054,3452,524.9769759364106,40.254491690579066
5,equilibrado,fcfs,1000,22269.039,3452,524.9854262242859,40.24303017867309
5,equilibrado,prioridade,1000,18544.206,3452,748.5175698684187,10.290310869861662
5,equilibrado,round_robin,1000,28050.51,10249,612.7818799119688,79.72572426022381
5,io_bound,epa,1000,16054.978,6452,311.63560879880794,92.94383085897407
5,io_bound,fcfs,1000,16057.855,6452,311.68102565948055,92.96459695004519
5,io_bound,prioridade,1000,11017.355,6452,227.14305050407972,65.42488965745872
5,io_bound,round_robin,1000,16057.855,6452,311.68102565948055,92.96459695004519
5,prioridades_desbalanceadas,epa,1000,22417.229,3452,535.6316783014242,38.79883813497452
5,prioridades_desbalanceadas,fcfs,1000,22418.932,3452,535.6621121571687,38.78970093377605
5,prioridades_desbalanceadas,prioridade,1000,19003.64,3452,721.9514819323206,12.538947279976927
5,prioridades_desbalanceadas,round_robin,1000,28339.12,10405,614.1046159496016,78.48590830718848
50,cpu_bound,epa,1000,19586.328,1488,488.9207305429556,76.8542608459925
50,cpu_bound,fcfs,1000,19584.795,1488,488.94324517055804,76.84265521772143
50,cpu_bound,prioridade,1000,17409.678,1488,481.63304885318655,58.75009812935198
50,cpu_bound,round_robin,1000,33680.894,10652,849.6739255953107,94.4661230064402
50,equilibrado,epa,1000,22226.301,3467,578.5453988877077,29.54686497726937
50,equilibrado,fcfs,1000,22225.517,3467,578.4377938474653,29.59149567777035
50,equilibrado,prioridade,1000,18040.766,3467,856.3870477925583,10.47711469834559
50,equilibrado,round_robin,1000,28001.045,10272,618.6901101578895,73.3960715039464
50,io_bound,epa,1000,16070.473,6466,312.0492573553718,93.21630827113337
50,io_bound,fcfs,1000,16073.007,6466,312.10189492261173,93.23906869145091
50,io_bound,prioridade,1000,10996.299,6466,224.02659218730642,67.03108079297367
50,io_bound,round_robin,1000,16073.007,6466,312.10189492261173,93.23906869145091
50,prioridades_desbalanceadas,epa,1000,22627.845,3467,510.27111824759805,46.32154965807139
50,prioridades_desbalanceadas,fcfs,1000,22627.76,3467,510.1972618130832,46.36000344348675
50,prioridades_desbalanceadas,prioridade,1000,19204.46,3467,633.787447771125,15.884723040528593
50,prioridades_desbalanceadas,round_robin,1000,28586.643,10445,614.9077188122501,81.73714947242736
51,cpu_bound,epa,1000,19317.743,1484,482.2046974954969,76.55113799393591
51,cpu_bound,fcfs,1000,19316.052,1484,482.2242855566565,76.5452976189847
51,cpu_bound,prioridade,1000,17074.348,1484,471.11269343199035,56.56305341471157
51,cpu_bound,round_robin,1000,33045.783,10651,827.2252504722729,93.46514186351295
51,equilibrado,epa,1000,21161.495,3423,522.8324398103742,44.33940523349979
51,equilibrado,fcfs,1000,21161.147,3423,522.8947159436491,44.35816835054962
51,equilibrado,prioridade,1000,17479.123,3423,767.5099828585401,11.970433029526946
51,equilibrado,round_robin,1000,26661.514,10148,592.6140991224314,80.1898178363264
51,io_bound,epa,1000,15505.957,6422,304.05695283805915,92.10409685411447
51,io_bound,fcfs,1000,15508.614,6422,304.11395824603824,92.11796654509568
51,io_bound,prioridade,1000,10655.92,6422,221.6931185710302,64.36992655687354
51,io_bound,round_robin,1000,15508.614,6422,304.11395824603824,92.11796654509568
51,prioridades_desbalanceadas,epa,1000,21696.677,3423,539.1865760683485,35.29405753741529
51,prioridades_desbalanceadas,fcfs,1000,21696.198,3423,539.2988796013876,35.29794336594499
51,prioridades_desbalanceadas,prioridade,1000,18579.882,3423,774.9639297053285,12.748425618337663
51,prioridades_desbalanceadas,round_robin,1000,27503.594,10196,606.7019068716481,77.05098872549077
52,cpu_bound,epa,1000,20021.882,1489,497.9964865646613,78.15749602478124
52,cpu_bound,fcfs,1000,20020.518,1489,497.99456423676344,78.14994345217447
52,cpu_bound,prioridade,1000,17863.487,1489,496.26397635483283,57.37750305810208
52,cpu_bound,round_robin,1000,34201.851,10721,858.0866406770331,94.43448749145185
52,equilibrado,epa,1000,22877.426,3479,523.0956363820858,48.870970847318496
52,equilibrado,fcfs,1000,22877.137,3479,523.2322867736845,48.85388495313897
52,equilibrado,prioridade,1000,18668.359,3479,724.7436613034955,16.048227285406746
52,equilibrado,round_robin,1000,28693.34,10419,601.1719962719753,82.95043434103474
52,io_bound,epa,1000,16235.704,6478,314.0768474345324,92.75975004947517
52,io_bound,fcfs,1000,16237.815,6478,314.09555536985465,92.77341207131795
52,io_bound,prioridade,1000,11062.168,6478,223.11567076305312,66.03208846186301
52,io_bound,round_robin,1000,16237.815,6478,314.09555536985465,92.77341207131795
52,prioridades_desbalanceadas,epa,1000,23134.932,3479,516.4263084761786,48.9343303921447
52,prioridades_desbalanceadas,fcfs,1000,23134.695,3479,516.5390865070161,48.91873724777027
52,prioridades_desbalanceadas,prioridade,1000,19381.635,3479,642.8826045379577,18.31258225206972
52,prioridades_desbalanceadas,round_robin,1000,28945.963,10482,599.6537322099239,83.61473026750629
53,cpu_bound,epa,1000,20578.13,1519,484.22843453150006,77.48597309249375
53,cpu_bound,fcfs,1000,20576.734,1519,484.23499554234303,77.48242314148663
53,cpu_bound,prioridade,1000,18434.694,1519,499.2953938445109,55.697643535099395
53,cpu_bound,round_robin,1000,35135.048,11096,840.3329058641992,94.19587793916199
53,equilibrado,epa,1000,23539.497,3556,546.1269562367062,32.281730496739605
53,equilibrado,fcfs,1000,23539.694,3556,546.1668296012678,32.281574785344596
53,equilibrado,prioridade,1000,19424.446,3556,795.3537580563932,11.30173298642496
53,equilibrado,round_robin,1000,29814.305,10752,615.9969692954745,75.99191936225937
53,io_bound,epa,1000,16349.761,6554,309.62412705073416,92.88261432815223
53,io_bound,fcfs,1000,16353.213,6554,309.6961836229945,92.89420792666508
53,io_bound,prioridade,1000,11236.6,6554,223.77044969316844,65.54784692784578
53,io_bound,round_robin,1000,16353.213,6554,309.6961836229945,92.89420792666508
53,prioridades_desbalanceadas,epa,1000,23546.664,3556,511.8402210485512,41.509784915225275
53,prioridades_desbalanceadas,fcfs,1000,23546.779,3556,511.95823026584935,41.48480269598027
53,prioridades_desbalanceadas,prioridade,1000,20029.255,3556,621.790268689037,14.50424074542679
53,prioridades_desbalanceadas,round_robin,1000,29592.619,10785,597.535146840289,80.27912913954312
54,cpu_bound,epa,1000,20320.249,1513,490.3338737767551,78.58047298382256
54,cpu_bound,fcfs,1000,20317.796,1513,490.3282229720746,78.56940017305577
54,cpu_bound,prioridade,1000,18212.084,1513,500.9087100479899,56.34744837221484
54,cpu_bound,round_robin,1000,34724.87,10952,846.1691219665378,94.41895512761208
54,equilibrado,epa,1000,23048.589,3521,543.4093874999735,39.52836594838132
54,equilibrado,fcfs,1000,23048.427,3521,543.4949929075999,39.49663171344272
54,equilibrado,prioridade,1000,18335.053,3521,708.2683124577238,11.993056006097028
54,equilibrado,round_robin,1000,29055.203,10549,608.2961283894882,80.01958021432539
54,io_bound,epa,1000,16249.352,6521,309.1580065914425,93.44371192592874
54,io_bound,fcfs,1000,16250.655,6521,309.18069691693717,93.45291495396408
54,io_bound,prioridade,1000,11052.691,6521,218.0023798365358,66.80440615978092
54,io_bound,round_robin,1000,16250.655,6521,309.18069691693717,93.45291495396408
54,prioridades_desbalanceadas,epa,1000,23123.676,3521,495.6252394723194,56.59750909579202
54,prioridades_desbalanceadas,fcfs,1000,23122.787,3521,495.6812592913366,56.54551996634996
54,prioridades_desbalanceadas,prioridade,1000,19687.502,3521,662.592800523683,13.439350635913376
54,prioridades_desbalanceadas,round_robin,1000,29237.354,10552,599.3636907368875,85.17000352333001
55,cpu_bound,epa,1000,19205.029,1477,482.3996098937455,77.31418488658868
55,cpu_bound,fcfs,1000,19203.121,1477,482.3958297145501,77.30757886964096
55,cpu_bound,prioridade,1000,17868.196,1477,527.2611863308227,56.1715537081203
55,cpu_bound,round_robin,1000,33213.249,10599,843.8308111891504,94.38735976397878
55,equilibrado,epa,1000,21316.983,3384,521.5657933397677,46.03113617155465
55,equilibrado,fcfs,1000,21317.033,3384,521.6037536540466,46.05393889747826
55,equilibrado,prioridade,1000,18039.449,3384,839.5824333920516,13.153773537102413
55,equilibrado,round_robin,1000,27121.838,10118,595.267811770332,82.52572724954139
55,io_bound,epa,1000,15769.64,6382,308.35304155704966,93.15063720713162
55,io_bound,fcfs,1000,15772.116,6382,308.40202461157253,93.16938522147265
55,io_bound,prioridade,1000,10848.014,6382,222.09946406937993,65.05949912288699
55,io_bound,round_robin,1000,15772.116,6382,308.40202461157253,93.16938522147265
55,prioridades_desbalanceadas,epa,1000,21526.289,3384,507.9423687126426,47.621003113911634
55,prioridades_desbalanceadas,fcfs,1000,21527.376,3384,507.96142213678723,47.62305773640189
55,prioridades_desbalanceadas,prioridade,1000,18829.585,3384,780.7224370162188,14.067958629320664
55,prioridades_desbalanceadas,round_robin,1000,27023.129,10174,595.4793689161078,81.1606629925196
56,cpu_bound,epa,1000,20726.384,1506,501.8636340287678,78.03356000900835
56,cpu_bound,fcfs,1000,20723.878,1506,501.8519160504864,78.0220770059556
56,cpu_bound,prioridade,1000,18480.482,1506,511.89510102114497,57.28612419948421
56,cpu_bound,round_robin,1000,34787.897,10933,854.298512706178,94.09086717129411
56,equilibrado,epa,1000,23404.988,3549,554.0996544303727,32.85932374611604
56,equilibrado,fcfs,1000,23404.483,3549,554.1347823736784,32.88442661230723
56,equilibrado,prioridade,1000,19064.307,3549,848.9061806098075,9.985271124414632
56,equilibrado,round_robin,1000,29255.058,10692,613.0147894555323,75.70227845435492
56,io_bound,epa,1000,16467.378,6548,315.05641049575365,92.25314335009597
56,io_bound,fcfs,1000,16470.257,6548,315.0939619291819,92.26953135396894
56,io_bound,prioridade,1000,11388.519,6548,229.45990235401428,66.64831798751393
56,io_bound,round_robin,1000,16470.257,6548,315.0939619291819,92.26953135396894
56,prioridades_desbalanceadas,epa,1000,23148.426,3549,534.6456541370463,38.81342046032542
56,prioridades_desbalanceadas,fcfs,1000,23148.302,3549,534.742842834223,38.80946843747079
56,prioridades_desbalanceadas,prioridade,1000,19794.681,3549,758.2688681760545,11.964107127913502
56,prioridades_desbalanceadas,round_robin,1000,28803.471,10592,600.4729117311267,78.31615560353572
57,cpu_bound,epa,1000,20208.431,1512,487.0964068272718,78.40989791743628
57,cpu_bound,fcfs,1000,20206.788,1512,487.11308616236397,78.40564301616513
57,cpu_bound,prioridade,1000,18246.743,1512,501.60268552387885,56.36966799413636
57,cpu_bound,round_robin,1000,34678.915,10911,850.6251813188378,94.85602509445856
57,equilibrado,epa,1000,22986.679,3525,513.7622905404464,50.79583360301571
57,equilibrado,fcfs,1000,22984.525,3525,513.80555013519,50.77687293697203
57,equilibrado,prioridade,1000,19026.003,3525,791.7286155904075,11.508355369447806
57,equilibrado,round_robin,1000,28895.141,10548,602.3839950337308,82.99390239042046
57,io_bound,epa,1000,16217.37,6524,310.99539251412864,92.8575538683265
57,io_bound,fcfs,1000,16219.699,6524,311.0368770449315,92.87014086138181
57,io_bound,prioridade,1000,11127.867,6524,224.0854219533317,65.26504274582807
57,io_bound,round_robin,1000,16219.699,6524,311.0368770449315,92.87014086138181
57,prioridades_desbalanceadas,epa,1000,23253.249,3525,509.10403317937244,55.86674646667611
57,prioridades_desbalanceadas,fcfs,1000,23252.558,3525,509.1708705569098,55.81436868969141
57,prioridades_desbalanceadas,prioridade,1000,19621.761,3525,682.9726674810195,14.742955311768775
57,prioridades_desbalanceadas,round_robin,1000,29336.814,10609,609.9112618813292,84.92985506550494
58,cpu_bound,epa,1000,19469.135,1496,470.41761981418284,78.46541702233056
58,cpu_bound,fcfs,1000,19467.028,1496,470.41953519566687,78.4618212147043
58,cpu_bound,prioridade,1000,17589.531,1496,489.7424085174538,57.69490001575523
58,cpu_bound,round_robin,1000,33386.626,10780,823.0051811835399,93.87668628176564
58,equilibrado,epa,1000,22325.598,3484,500.366704819093,49.55499790367113
58,equilibrado,fcfs,1000,22325.091,3484,500.5325733624933,49.56498460310072
58,equilibrado,prioridade,1000,18100.189,3484,736.6468709156512,11.830170335413765
58,equilibrado,round_robin,1000,28320.61,10531,583.7428487845273,84.41783660832704
58,io_bound,epa,1000,15991.265,6484,309.48331592919493,92.34874130742514
58,io_bound,fcfs,1000,15994.622,6484,309.5523200967915,92.37164863720704
58,io_bound,prioridade,1000,10985.376,6484,224.05725238147315,64.11025281986166
58,io_bound,round_robin,1000,15994.622,6484,309.5523200967915,92.37164863720704
58,prioridades_desbalanceadas,epa,1000,22263.294,3484,482.9871702621265,53.46525598648584
58,prioridades_desbalanceadas,fcfs,1000,22263.122,3484,482.92521484180355,53.51671117423939
58,prioridades_desbalanceadas,prioridade,1000,19044.565,3484,741.8523567553221,9.884260005358056
58,prioridades_desbalanceadas,round_robin,1000,28080.136,10447,576.9910392994392,83.81384470652317
59,cpu_bound,epa,1000,20544.091,1518,493.7453997774663,77.74002437806114
59,cpu_bound,fcfs,1000,20542.442,1518,493.7608030214091,77.73424194759895
59,cpu_bound,prioridade,1000,18132.382,1518,492.20547549413254,55.242929398778166
59,cpu_bound,round_robin,1000,34826.348,10984,845.2081596786703,94.49520167595021
59,equilibrado,epa,1000,23757.347,3596,541.8958341950257,41.33066608029044
59,equilibrado,fcfs,1000,23756.547,3596,541.9938322188129,41.302847547672236
59,equilibrado,prioridade,1000,18884.752,3596,691.5514525233734,11.594000413297083
59,equilibrado,round_robin,1000,29449.908,10802,593.7857151480767,79.71350536660164
59,io_bound,epa,1000,16497.034,6596,309.79602692001936,93.11688230393632
59,io_bound,fcfs,1000,16498.814,6596,309.8336283612616,93.13037534032033
59,io_bound,prioridade,1000,11193.852,6596,218.95460082084725,65.40375665427523
59,io_bound,round_robin,1000,16498.814,6596,309.8336283612616,93.13037534032033
59,prioridades_desbalanceadas,epa,1000,24270.003,3596,539.1113133707839,40.9463370732341
59,prioridades_desbalanceadas,fcfs,1000,24269.197,3596,539.1929818698999,40.88937403256786
59,prioridades_desbalanceadas,prioridade,1000,20136.941,3596,645.6643058967936,12.628962512817338
59,prioridades_desbalanceadas,round_robin,1000,30296.091,10883,607.5800466588798,80.88354719108949
6,cpu_bound,epa,1000,20141.179,1502,487.9172773561661,78.93305669514464
6,cpu_bound,fcfs,1000,20139.597,1502,487.9366339654379,78.93050612012343
6,cpu_bound,prioridade,1000,17838.546,1502,479.19142191026714,57.100256372124356
6,cpu_bound,round_robin,1000,34633.977,10895,852.7263075017197,94.45883489952523
6,equilibrado,epa,1000,22778.008,3507,549.0467783535066,36.548404240530076
6,equilibrado,fcfs,1000,22777.142,3507,549.0821776793788,36.54931935439417
6,equilibrado,prioridade,1000,18769.28,3507,761.7176963995046,17.009612843506112
6,equilibrado,round_robin,1000,28240.537,10469,607.9922206134318,76.05500139319165
6,io_bound,epa,1000,16103.315,6507,311.7746410761954,92.07641123556047
6,io_bound,fcfs,1000,16106.496,6507,311.8491840404535,92.10262790299801
6,io_bound,prioridade,1000,11016.108,6507,226.4569919241564,63.31929368088063
6,io_bound,round_robin,1000,16106.496,6507,311.8491840404535,92.10262790299801
6,prioridades_desbalanceadas,epa,1000,23005.006,3507,534.4463473732577,38.63185902741418
6,prioridades_desbalanceadas,fcfs,1000,23004.942,3507,534.4767384213546,38.611645957338865
6,prioridades_desbalanceadas,prioridade,1000,19201.321,3507,691.3585841803152,15.646366908578353
6,prioridades_desbalanceadas,round_robin,1000,28843.127,10522,610.775236772425,78.73338174447922
60,cpu_bound,epa,1000,20060.342,1497,494.82616385221667,77.40670862081468
60,cpu_bound,fcfs,1000,20057.835,1497,494.82977801124224,77.39916587585329
60,cpu_bound,prioridade,1000,17755.551,1497,488.0306323352526,57.023334646372625
60,cpu_bound,round_robin,1000,34330.909,10790,851.0484635323345,94.06509005775034
60,equilibrado,epa,1000,22148.107,3462,567.5112115592283,31.970504399394002
60,equilibrado,fcfs,1000,22149.285,3462,567.5376569435789,31.988486805733835
60,equilibrado,prioridade,1000,18277.825,3462,880.2740665492928,9.520405642503189
60,equilibrado,round_robin,1000,27648.738,10374,605.898737577546,73.9946055826484
60,io_bound,epa,1000,15914.856,6462,306.70349894178185,92.93968350660566
60,io_bound,fcfs,1000,15916.319,6462,306.73491803139655,92.95152167912984
60,io_bound,prioridade,1000,10932.473,6462,221.84115370173373,65.39784150122948
60,io_bound,round_robin,1000,15916.319,6462,306.73491803139655,92.95152167912984
60,prioridades_desbalanceadas,epa,1000,22373.806,3462,528.9014196322966,37.64655968903912
60,prioridades_desbalanceadas,fcfs,1000,22372.669,3462,528.9320141636381,37.66662057019482
60,prioridades_desbalanceadas,prioridade,1000,19146.934,3462,724.0353094127134,14.23994727919219
60,prioridades_desbalanceadas,round_robin,1000,28473.611,10425,613.2372941899577,78.77655468482855
61,cpu_bound,epa,1000,18946.938,1464,478.80245679003787,76.89671084821647
61,cpu_bound,fcfs,1000,18944.991,1464,478.80946184017296,76.88914574222811
61,cpu_bound,prioridade,1000,17261.006,1464,499.58227954980475,56.41749550123233
61,cpu_bound,round_robin,1000,32608.638,10544,832.5336735639781,93.63651908984372
61,equilibrado,epa,1000,21098.155,3385,531.2033107627939,41.4406554618053
61,equilibrado,fcfs,1000,21095.275,3385,531.1889373872059,41.44830688461462
61,equilibrado,prioridade,1000,17518.894,3385,746.2776330831692,12.082980993480755
61,equilibrado,round_robin,1000,26490.53,10081,596.6050504847335,79.2117507309419
61,io_bound,epa,1000,15559.113,6384,304.95168843330674,92.39713596302981
61,io_bound,fcfs,1000,15562.147,6384,305.0123781608787,92.4195423762614
61,io_bound,prioridade,1000,10599.882,6384,217.26834025866455,64.2566986833155
61,io_bound,round_robin,1000,15562.147,6384,305.0123781608787,92.4195423762614
61,prioridades_desbalanceadas,epa,1000,21256.555,3385,531.1027388090254,41.411316708737644
61,prioridades_desbalanceadas,fcfs,1000,21255.434,3385,531.060009567835,41.432816150554906
61,prioridades_desbalanceadas,prioridade,1000,18440.388,3385,780.4880896554984,9.28815020486504
61,prioridades_desbalanceadas,round_robin,1000,27003.126,10087,603.318348145931,80.86994916511888
62,cpu_bound,epa,1000,19525.607,1490,483.5732594777917,77.55146861754821
62,cpu_bound,fcfs,1000,19524.303,1490,483.5854408523522,77.54867588324392
62,cpu_bound,prioridade,1000,17721.653,1490,499.9031543114152,58.73806981590989
62,cpu_bound,round_robin,1000,33562.207,10691,840.8712946835279,93.84867691401624
62,equilibrado,epa,1000,22261.499,3455,514.8519446298251,44.11609615566651
62,equilibrado,fcfs,1000,22262.078,3455,515.016451613304,44.09041903582316
62,equilibrado,prioridade,1000,18195.513,3455,714.4356650965478,18.093262570648072
62,equilibrado,round_robin,1000,28098.123,10395,588.4107582642778,81.80489053717474
62,io_bound,epa,1000,15874.356,6455,306.25352478754183,92.7841582599285
62,io_bound,fcfs,1000,15876.332,6455,306.2806974722418,92.80418852085545
62,io_bound,prioridade,1000,11072.945,6455,229.01536547635837,64.61123629884659
62,io_bound,round_robin,1000,15876.332,6455,306.2806974722418,92.80418852085545
62,prioridades_desbalanceadas,epa,1000,22169.78,3455,502.9142058006153,44.98449425193387
62,prioridades_desbalanceadas,fcfs,1000,22169.579,3455,502.95085107683786,44.96178767995227
62,prioridades_desbalanceadas,prioridade,1000,18799.345,3455,706.2324143789854,12.275997688234744
62,prioridades_desbalanceadas,round_robin,1000,28266.793,10376,594.018293667692,82.08332398873453
63,cpu_bound,epa,1000,20209.892,1507,507.6480811373124,78.35567616028808
63,cpu_bound,fcfs,1000,20207.971,1507,507.6445857180248,78.34900315833933
63,cpu_bound,prioridade,1000,17781.265,1507,500.4977805362661,57.09294961644142
63,cpu_bound,round_robin,1000,33835.989,10664,853.3934670308055,94.36613174984122
63,equilibrado,epa,1000,23039.569,3517,537.8918796639347,39.12039408139629
63,equilibrado,fcfs,1000,23038.937,3517,537.9198741318074,39.11089991338299
63,equilibrado,prioridade,1000,18874.73,3517,760.1267217004638,13.807852481644199
63,equilibrado,round_robin,1000,28733.213,10379,605.0331388473064,79.98925975519231
63,io_bound,epa,1000,16290.777,6515,316.42735593983207,92.72587938739308
63,io_bound,fcfs,1000,16293.776,6515,316.48091486620785,92.74221038476061
63,io_bound,prioridade,1000,11178.424,6515,229.26962929200715,65.50664327761531
63,io_bound,round_robin,1000,16293.776,6515,316.48091486620785,92.74221038476061
63,prioridades_desbalanceadas,epa,1000,23334.099,3517,559.8319621423508,38.214971919121375
63,prioridades_desbalanceadas,fcfs,1000,23330.408,3517,559.8961974521324,38.19129194094184
63,prioridades_desbalanceadas,prioridade,1000,19108.374,3517,693.1296235019086,10.833942080226638
63,prioridades_desbalanceadas,round_robin,1000,28957.761,10537,610.5565790689848,78.60729031179999
64,cpu_bound,epa,1000,19099.19,1476,482.85567153156194,75.86019023278492
64,cpu_bound,fcfs,1000,19097.286,1476,482.8548344065487,75.84984249118534
64,cpu_bound,prioridade,1000,16963.431,1476,476.15448111931454,55.859797038221764
64,cpu_bound,round_robin,1000,32623.814,10547,829.3216622645792,93.47112797436257
64,equilibrado,epa,1000,21828.061,3432,574.8965881505694,31.38360032676378
64,equilibrado,fcfs,1000,21828.729,3432,574.9853158574678,31.396494470256805
64,equilibrado,prioridade,1000,17960.396,3432,815.371771975713,10.817503836552977
64,equilibrado,round_robin,1000,27117.891,10187,603.4763454616688,73.41577138118126
64,io_bound,epa,1000,15831.694,6431,310.38297788808813,91.91427633860638
64,io_bound,fcfs,1000,15833.075,6431,310.40210477080944,91.92431121524385
64,io_bound,prioridade,1000,10957.229,6431,229.925416867128,63.90590569616212
64,io_bound,round_robin,1000,15833.075,6431,310.40210477080944,91.92431121524385
64,prioridades_desbalanceadas,epa,1000,21895.982,3430,509.95349836518176,49.2155557038773
64,prioridades_desbalanceadas,fcfs,1000,21893.987,3430,509.9451493305155,49.187317194428296
64,prioridades_desbalanceadas,prioridade,1000,18650.472,3430,651.4094897721301,21.777179413872332
64,prioridades_desbalanceadas,round_robin,1000,27285.993,10185,589.7083543922936,82.26803611414925
65,cpu_bound,epa,1000,19909.61,1501,485.79967327686427,78.44432551350437
65,cpu_bound,fcfs,1000,19907.658,1501,485.80456720399735,78.43889384842697
65,cpu_bound,prioridade,1000,17496.591,1501,471.95716793557824,57.81422109165274
65,cpu_bound,round_robin,1000,33972.76,10714,845.0114328217694,94.38485930839872
65,equilibrado,epa,1000,22308.553,3492,513.2112389429791,41.003204853286206
65,equilibrado,fcfs,1000,22308.897,3492,513.3099376472858,40.96600769956089
65,equilibrado,prioridade,1000,18390.381,3492,735.8269214881283,12.360574429222734
65,equilibrado,round_robin,1000,28006.726,10427,593.6202536625499,79.9536197609697
65,io_bound,epa,1000,15898.985,6490,303.80769492057345,92.90378476773742
65,io_bound,fcfs,1000,15901.181,6490,303.8596801561318,92.92973917306396
65,io_bound,prioridade,1000,11000.426,6490,225.5509520795919,63.456429507218715
65,io_bound,round_robin,1000,15901.181,6490,303.8596801561318,92.92973917306396
65,prioridades_desbalanceadas,epa,1000,22267.227,3492,514.1396009399174,34.85660474159838
65,prioridades_desbalanceadas,fcfs,1000,22266.035,3492,514.1021937286105,34.87450855888809
65,prioridades_desbalanceadas,prioridade,1000,18843.851,3492,680.3581801606039,12.3990482552201
65,prioridades_desbalanceadas,round_robin,1000,28158.071,10409,595.401467112259,76.89271182219694
66,cpu_bound,epa,1000,20211.643,1507,482.26993960721927,77.40365802769637
66,cpu_bound,fcfs,1000,20210.662,1507,482.314372755385,77.39341423028345
66,cpu_bound,prioridade,1000,18363.648,1507,506.9851979735328,56.09290817558262
66,cpu_bound,round_robin,1000,34767.508,10975,843.6559784325498,94.5109924975475
66,equilibrado,epa,1000,22492.984,3472,536.0294969946576,36.24682716543548
66,equilibrado,fcfs,1000,22490.242,3472,536.113670865702,36.228053725188346
66,equilibrado,prioridade,1000,18385.342,3472,795.7713856972252,11.123935052246159
66,equilibrado,round_robin,1000,28239.029,10406,598.4763006388932,78.2111358701643
66,io_bound,epa,1000,15929.908,6471,308.74074599306397,92.42197213665179
66,io_bound,fcfs,1000,15933.401,6471,308.8045519680236,92.44355005202341
66,io_bound,prioridade,1000,11064.919,6471,227.07370543717502,65.01017050575432
66,io_bound,round_robin,1000,15933.401,6471,308.8045519680236,92.44355005202341
66,prioridades_desbalanceadas,epa,1000,22396.733,3472,523.5408997964914,43.74476578502817
66,prioridades_desbalanceadas,fcfs,1000,22397.629,3472,523.6273665618049,43.74397949006553
66,prioridades_desbalanceadas,prioridade,1000,18697.191,3472,761.0166548453401,8.929255219378268
66,prioridades_desbalanceadas,round_robin,1000,28103.359,10389,591.1924106724563,81.93733219978797
67,cpu_bound,epa,1000,19963.979,1500,495.534308230136,77.13609923112367
67,cpu_bound,fcfs,1000,19963.472,1500,495.5713976243118,77.12976915721451
67,cpu_bound,prioridade,1000,17862.258,1500,492.4222188486338,58.237335300672505
67,cpu_bound,round_robin,1000,34055.479,10726,854.5487661138892,94.58321328648472
67,equilibrado,epa,1000,23619.337,3549,500.8881808734777,58.9064639324189
67,equilibrado,fcfs,1000,23618.46,3549,500.894906150809,58.90502834480367
67,equilibrado,prioridade,1000,19375.98,3549,710.5854310439297,15.553136676347451
67,equilibrado,round_robin,1000,29627.208,10701,600.8583653275774,85.69493598768679
67,io_bound,epa,1000,16484.989,6548,314.37715771550626,93.56153457230513
67,io_bound,fcfs,1000,16491.835,6548,314.52919289337245,93.59387039464977
67,io_bound,prioridade,1000,11406.291,6548,229.46370211276204,66.22916068590426
67,io_bound,round_robin,1000,16491.835,6548,314.52919289337245,93.59387039464977
67,prioridades_desbalanceadas,epa,1000,23600.158,3549,518.6414347953872,44.546635888766254
67,prioridades_desbalanceadas,fcfs,1000,23599.125,3549,518.6229682287324,44.527145585103845
67,prioridades_desbalanceadas,prioridade,1000,19689.692,3549,633.6187544745013,12.459824207846314
67,prioridades_desbalanceadas,round_robin,1000,29351.646,10691,600.1497770529028,81.4944813022867
68,cpu_bound,epa,1000,19164.058,1456,482.44445004356004,77.15480941848196
68,cpu_bound,fcfs,1000,19162.526,1456,482.4494166043228,77.15095333587976
68,cpu_bound,prioridade,1000,17113.078,1456,483.21419758006886,56.6518427965909
68,cpu_bound,round_robin,1000,32811.383,10519,838.4288275372777,93.96407285112649
68,equilibrado,epa,1000,21248.967,3356,584.7072288661185,26.906096208417335
68,equilibrado,fcfs,1000,21248.948,3356,584.8171031446864,26.899025387604016
68,equilibrado,prioridade,1000,17675.319,3356,898.9021691887204,9.4044961053214
68,equilibrado,round_robin,1000,26665.114,10055,612.3763362897356,70.20736392691836
68,io_bound,epa,1000,15715.896,6356,310.89876754295335,92.14037360605528
68,io_bound,fcfs,1000,15718.319,6356,310.9593904708956,92.15388905735247
68,io_bound,prioridade,1000,10768.608,6356,222.51749729235468,66.59050111851617
68,io_bound,round_robin,1000,15718.319,6356,310.9593904708956,92.15388905735247
68,prioridades_desbalanceadas,epa,1000,21208.819,3356,514.4681576999129,44.5375395827141
68,prioridades_desbalanceadas,fcfs,1000,21208.391,3356,514.4913778007442,44.5383199490199
68,prioridades_desbalanceadas,prioridade,1000,18282.199,3356,758.8735424276094,14.908782368273693
68,prioridades_desbalanceadas,round_robin,1000,26683.322,10085,590.5698086000938,80.76430713306823
69,cpu_bound,epa,1000,19757.675,1488,488.5362007583868,77.17691769701746
69,cpu_bound,fcfs,1000,19755.411,1488,488.5389125904883,77.16682021428417
69,cpu_bound,prioridade,1000,17666.7,1488,487.82502306168516,58.66750750715962
69,cpu_bound,round_robin,1000,33816.303,10725,846.2505414861806,94.28046895648187
69,equilibrado,epa,1000,22927.409,3459,532.3756787709993,45.136846035592484
69,equilibrado,fcfs,1000,22923.848,3459,532.4363714504157,45.109677533336615
69,equilibrado,prioridade,1000,18539.615,3459,701.9638531749345,17.129176797586588
69,equilibrado,round_robin,1000,28854.325,10433,607.871745497443,82.47377007410293
69,io_bound,epa,1000,16195.92,6459,314.4533302544365,92.96646127500186
69,io_bound,fcfs,1000,16198.996,6459,314.49051293796254,92.98624582093906
69,io_bound,prioridade,1000,11194.236,6459,230.07950902410997,65.0642421276296
69,io_bound,round_robin,1000,16198.996,6459,314.49051293796254,92.98624582093906
69,prioridades_desbalanceadas,epa,1000,22428.09,3459,535.5726683579728,41.17497746848298
69,prioridades_desbalanceadas,fcfs,1000,22425.982,3459,535.6563475693566,41.14087660698502
69,prioridades_desbalanceadas,prioridade,1000,19092.139,3459,774.562025463373,10.198182313978005
69,prioridades_desbalanceadas,round_robin,1000,28153.961,10256,599.6481064858659,80.30059189865725
7,cpu_bound,epa,1000,19259.933,1477,469.6802544194845,78.25396429744579
7,cpu_bound,fcfs,1000,19258.558,1477,469.68889244359156,78.24747732678118
7,cpu_bound,prioridade,1000,17417.585,1477,490.10215270580153,55.91932679877376
7,cpu_bound,round_robin,1000,33313.387,10636,835.2123963418302,94.34360530029154
7,equilibrado,epa,1000,21806.489,3453,558.7913157252656,32.9666066542017
7,equilibrado,fcfs,1000,21805.092,3453,558.8899675990285,32.940636919450924
7,equilibrado,prioridade,1000,18161.21,3453,886.1690721148053,10.12734923082731
7,equilibrado,round_robin,1000,27575.581,10236,596.7599330643914,75.67673096021487
7,io_bound,epa,1000,15924.445,6452,307.233594897535,92.78405749057178
7,io_bound,fcfs,1000,15926.511,6452,307.2769399189034,92.80781150198706
7,io_bound,prioridade,1000,11045.228,6452,226.4056018183004,64.10421429143204
7,io_bound,round_robin,1000,15926.511,6452,307.2769399189034,92.80781150198706
7,prioridades_desbalanceadas,epa,1000,22408.839,3453,521.5638325597664,38.62425638117635
7,prioridades_desbalanceadas,fcfs,1000,22407.439,3453,521.6104451241771,38.598178043781495
7,prioridades_desbalanceadas,prioridade,1000,19092.806,3453,682.6978842372212,12.663995695069227
7,prioridades_desbalanceadas,round_robin,1000,28443.465,10437,603.7579577200424,80.20309703314578
70,cpu_bound,epa,1000,19437.637,1476,480.1640166459956,77.6537852630181
70,cpu_bound,fcfs,1000,19436.443,1476,480.1934674131058,77.64679744757376
70,cpu_bound,prioridade,1000,17286.046,1476,475.5166906292447,57.91633508554884
70,cpu_bound,round_robin,1000,33598.458,10641,845.294348603234,94.1077661812913
70,equilibrado,epa,1000,22577.749,3489,538.337390811007,40.39657087785852
70,equilibrado,fcfs,1000,22577.185,3489,538.3554407524508,40.373963486078146
70,equilibrado,prioridade,1000,18647.605,3489,786.6334153856599,12.947427921991528
70,equilibrado,round_robin,1000,28298.731,10411,604.0625204021333,80.06586510054099
70,io_bound,epa,1000,16155.766,6488,313.3081330158186,92.61035837811295
70,io_bound,fcfs,1000,16157.374,6488,313.3356897475302,92.62026922217615
70,io_bound,prioridade,1000,11026.105,6488,223.09632879993998,66.1959769284867
70,io_bound,round_robin,1000,16157.374,6488,313.3356897475302,92.62026922217615
70,prioridades_desbalanceadas,epa,1000,22272.531,3489,536.1471725010018,36.442885839196926
70,prioridades_desbalanceadas,fcfs,1000,22270.543,3489,536.1700079670396,36.45400132815298
70,prioridades_desbalanceadas,prioridade,1000,18842.028,3489,779.6096435521898,10.726383275227734
70,prioridades_desbalanceadas,round_robin,1000,27707.873,10352,595.8645304686763,76.18585685290545
71,cpu_bound,epa,1000,20060.412,1500,489.71628441682293,76.76160209079029
71,cpu_bound,fcfs,1000,20058.942,1500,489.7256471165423,76.75478532921078
71,cpu_bound,prioridade,1000,17784.554,1500,486.774509484851,56.47346371544856
71,cpu_bound,round_robin,1000,34040.388,10813,838.842424207694,93.71802285579031
71,equilibrado,epa,1000,22309.347,3506,524.3547395478431,39.10460426526881
71,equilibrado,fcfs,1000,22309.186,3506,524.4683446205053,39.08530339575404
71,equilibrado,prioridade,1000,18060.145,3506,720.8975426752174,10.751490177049135
71,equilibrado,round_robin,1000,27924.366,10329,594.0098236357767,78.12537668572851
71,io_bound,epa,1000,16099.757,6506,309.8097299801586,92.23270655053697
71,io_bound,fcfs,1000,16102.822,6506,309.8613381719667,92.25040344171761
71,io_bound,prioridade,1000,11074.669,6506,222.47355368298807,63.67576351003706
71,io_bound,round_robin,1000,16102.822,6506,309.8613381719667,92.25040344171761
71,prioridades_desbalanceadas,epa,1000,22720.268,3506,510.68207565869835,48.977572217573275
71,prioridades_desbalanceadas,fcfs,1000,22720.38,3506,510.77520628690746,48.99818197921385
71,prioridades_desbalanceadas,prioridade,1000,19252.82,3506,671.0658569938679,13.613362447219474
71,prioridades_desbalanceadas,round_robin,1000,28455.489,10395,600.3359079571738,82.63870113522144
72,cpu_bound,epa,1000,19206.381,1490,469.04691949599606,78.08610793024724
72,cpu_bound,fcfs,1000,19204.905,1490,469.0447912873129,78.08173055959656
72,cpu_bound,prioridade,1000,17762.431,1490,513.8306401908629,56.27944670968192
72,cpu_bound,round_robin,1000,33187.658,10648,829.4523859820125,93.95083674504691
72,equilibrado,epa,1000,21939.931,3481,540.1525795766564,31.509022192774427
72,equilibrado,fcfs,1000,21939.867,3481,540.405179546846,31.462218933055176
72,equilibrado,prioridade,1000,18423.055,3481,831.7747930620204,12.921850940992105
72,equilibrado,round_robin,1000,27597.87,10376,594.0946403518916,74.08697198426664
72,io_bound,epa,1000,15905.111,6481,306.3315620121262,92.49563403583757
72,io_bound,fcfs,1000,15908.228,6481,306.3873154992498,92.52315471507784
72,io_bound,prioridade,1000,11155.995,6481,230.83545018798424,64.41127089893148
72,io_bound,round_robin,1000,15908.228,6481,306.3873154992498,92.52315471507784
72,prioridades_desbalanceadas,epa,1000,21932.57,3481,501.5144708002902,41.71927618164635
72,prioridades_desbalanceadas,fcfs,1000,21933.063,3481,501.41846017074835,41.78624922796787
72,prioridades_desbalanceadas,prioridade,1000,19131.928,3481,753.7784333950121,12.76930958926997
72,prioridades_desbalanceadas,round_robin,1000,27745.323,10358,587.9586264527743,79.23308680513404
73,cpu_bound,epa,1000,20109.745,1505,488.05666881320315,78.26037909723243
73,cpu_bound,fcfs,1000,20108.674,1505,488.0693500514259,78.25152813594903
73,cpu_bound,prioridade,1000,17683.797,1505,471.37377429506677,57.782962515441874
73,cpu_bound,round_robin,1000,34352.937,10861,844.3047757031742,94.6366322386314
73,equilibrado,epa,1000,22774.177,3512,500.5730825266934,58.97826356968248
73,equilibrado,fcfs,1000,22773.148,3512,500.5959692062737,58.971912532609075
73,equilibrado,prioridade,1000,18479.915,3512,701.244490375603,12.504854124026645
73,equilibrado,round_robin,1000,28577.125,10465,589.0294229394509,85.76268337705224
73,io_bound,epa,1000,16130.318,6512,309.21965698352477,93.31329882647455
73,io_bound,fcfs,1000,16133.39,6512,309.27843007192206,93.3308418365859
73,io_bound,prioridade,1000,11102.345,6512,224.63393917738853,65.6224168232955
73,io_bound,round_robin,1000,16133.39,6512,309.27843007192206,93.3308418365859
73,prioridades_desbalanceadas,epa,1000,22859.873,3513,495.2082644515214,52.26513789541453
73,prioridades_desbalanceadas,fcfs,1000,22859.802,3513,495.22369756439707,52.308705324515884
73,prioridades_desbalanceadas,prioridade,1000,19489.644,3513,652.7229236787774,13.187665285805574
73,prioridades_desbalanceadas,round_robin,1000,28763.887,10477,592.0495694059946,84.23575761441289
74,cpu_bound,epa,1000,20091.611,1498,485.44281023947804,78.28917669877173
74,cpu_bound,fcfs,1000,20090.049,1498,485.44253479869593,78.28670541271399
74,cpu_bound,prioridade,1000,17947.148,1498,496.95761329489477,55.99164547320073
74,cpu_bound,round_robin,1000,34148.409,10861,842.6154631169981,94.1642861696601
74,equilibrado,epa,1000,22161.247,3456,546.5206719916749,37.30223953161239
74,equilibrado,fcfs,1000,22159.954,3456,546.6100818896721,37.293604179922916
74,equilibrado,prioridade,1000,18409.761,3456,760.3287345893069,14.43578977791468
74,equilibrado,round_robin,1000,28085.476,10454,609.1028110020123,78.39422300882835
74,io_bound,epa,1000,15921.774,6456,310.9852193115043,92.57385939342055
74,io_bound,fcfs,1000,15924.608,6456,311.0461695925206,92.59462365583909
74,io_bound,prioridade,1000,11037.292,6456,229.20077058934277,64.27761047648984
74,io_bound,round_robin,1000,15924.608,6456,311.0461695925206,92.59462365583909
74,prioridades_desbalanceadas,epa,1000,22044.02,3456,521.4404298152685,43.505812841839806
74,prioridades_desbalanceadas,fcfs,1000,22040.523,3456,521.5618773043634,43.481428691282794
74,prioridades_desbalanceadas,prioridade,1000,18789.867,3456,638.2229640697201,18.921257483738845
74,prioridades_desbalanceadas,round_robin,1000,27993.892,10434,608.389714572479,80.85064192447783
75,cpu_bound,epa,1000,19664.102,1482,488.91219581501366,77.38020345779483
75,cpu_bound,fcfs,1000,19662.193,1482,488.92908247842854,77.37238653169622
75,cpu_bound,prioridade,1000,17608.744,1482,493.909080220558,56.97283401766934
75,cpu_bound,round_robin,1000,33464.437,10685,841.2022120050636,94.12113263292979
75,equilibrado,epa,1000,22321.459,3466,554.3823116221405,34.66337639180566
75,equilibrado,fcfs,1000,22320.146,3466,554.3887952720655,34.680393765887835
75,equilibrado,prioridade,1000,18408.911,3466,847.3461268572518,10.21913860983777
75,equilibrado,round_robin,1000,28039.59,10382,610.6748530416228,77.30986303370025
75,io_bound,epa,1000,16169.812,6466,313.72567637121443,92.73566658750778
75,io_bound,fcfs,1000,16171.325,6466,313.7645346248783,92.74980490735062
75,io_bound,prioridade,1000,11007.168,6466,221.77897852928024,65.87383443944252
75,io_bound,round_robin,1000,16171.325,6466,313.7645346248783,92.74980490735062
75,prioridades_desbalanceadas,epa,1000,22989.534,3466,556.2282354758986,37.53187733781352
75,prioridades_desbalanceadas,fcfs,1000,22989.714,3466,556.3095022135078,37.50963241877499
75,prioridades_desbalanceadas,prioridade,1000,19936.914,3466,872.6481946524352,11.533781587072474
75,prioridades_desbalanceadas,round_robin,1000,28749.177,10545,617.6535314779408,78.56047798207166
76,cpu_bound,epa,1000,20155.553,1519,483.34827336798435,78.44181539427684
76,cpu_bound,fcfs,1000,20153.476,1519,483.3497168234853,78.43599303711251
76,cpu_bound,prioridade,1000,17985.473,1519,486.99651648748267,57.56355349326541
76,cpu_bound,round_robin,1000,34571.862,10937,843.8948409950622,94.54560672483301
76,equilibrado,epa,1000,23007.689,3568,521.6396676959772,41.41070765537006
76,equilibrado,fcfs,1000,23007.048,3568,521.7287340337457,41.382952846326106
76,equilibrado,prioridade,1000,18934.07,3568,730.3998074994525,12.146818244567
76,equilibrado,round_robin,1000,28927.037,10571,600.6695851292247,80.10694586882205
76,io_bound,epa,1000,16178.474,6568,309.1070804244159,92.63115274642358
76,io_bound,fcfs,1000,16181.114,6568,309.1456223357965,92.64549084335466
76,io_bound,prioridade,1000,11076.249,6568,224.19782284953655,64.48975699948502
76,io_bound,round_robin,1000,16181.114,6568,309.1456223357965,92.64549084335466
76,prioridades_desbalanceadas,epa,1000,23364.518,3568,511.4600429514329,46.21180433396626
76,prioridades_desbalanceadas,fcfs,1000,23363.34,3568,511.5039057684283,46.20759683628259
76,prioridades_desbalanceadas,prioridade,1000,19692.945,3568,644.811425622426,19.26916616626875
76,prioridades_desbalanceadas,round_robin,1000,29445.094,10696,596.7283874653641,82.47597988123758
77,cpu_bound,epa,1000,20266.836,1498,484.4576237625302,78.41945680873883
77,cpu_bound,fcfs,1000,20265.573,1498,484.47401810450964,78.41621917586853
77,cpu_bound,prioridade,1000,18191.891,1498,493.1209815242489,58.35926369989195
77,cpu_bound,round_robin,1000,35015.984,10946,851.585104192387,94.4381711512185
77,equilibrado,epa,1000,23150.896,3525,546.9607515609207,37.78273984136561
77,equilibrado,fcfs,1000,23149.949,3525,547.0037916757445,37.75794447097511
77,equilibrado,prioridade,1000,19509.041,3525,823.5162385469678,14.886733026964285
77,equilibrado,round_robin,1000,29092.862,10659,604.492716840531,79.48319957425035
77,io_bound,epa,1000,16332.387,6525,313.0706772612088,92.47475160919336
77,io_bound,fcfs,1000,16335.07,6525,313.1111832543667,92.4978233706983
77,io_bound,prioridade,1000,11277.383,6525,228.1519269997966,65.31353597929096
77,io_bound,round_robin,1000,16335.07,6525,313.1111832543667,92.4978233706983
77,prioridades_desbalanceadas,epa,1000,23068.63,3525,531.8862217914806,42.07316368546492
77,prioridades_desbalanceadas,fcfs,1000,23067.512,3525,531.9814570217442,42.04975043900409
77,prioridades_desbalanceadas,prioridade,1000,19676.765,3525,702.6151147489383,18.470270591737687
77,prioridades_desbalanceadas,round_robin,1000,28864.279,10636,599.1637557712402,80.11908795489344
78,cpu_bound,epa,1000,19850.574,1493,485.565802628451,77.04521387581609
78,cpu_bound,fcfs,1000,19849.45,1493,485.59209625379526,77.04186619012602
78,cpu_bound,prioridade,1000,17918.09,1493,501.7217357575789,57.58617079594957
78,cpu_bound,round_robin,1000,34171.144,10829,843.429658483288,94.35719784375306
78,equilibrado,epa,1000,22257.066,3454,526.5230896944802,38.494102990568436
78,equilibrado,fcfs,1000,22256.547,3454,526.5226351067449,38.50018999094868
78,equilibrado,prioridade,1000,18138.258,3454,730.6424665177972,10.87719236781918
78,equilibrado,round_robin,1000,28288.426,10452,603.7578383121801,80.03055025535741
78,io_bound,epa,1000,15988.236,6454,313.9586078937439,92.18211750496341
78,io_bound,fcfs,1000,15990.055,6454,313.9881466664834,92.19214111968654
78,io_bound,prioridade,1000,11091.021,6454,230.19396088680895,63.89977584163279
78,io_bound,round_robin,1000,15990.055,6454,313.9881466664834,92.19214111968654
78,prioridades_desbalanceadas,epa,1000,22028.003,3454,515.2774982606737,45.76483557393361
78,prioridades_desbalanceadas,fcfs,1000,22027.713,3454,515.2010776750926,45.78809586440498
78,prioridades_desbalanceadas,prioridade,1000,18867.011,3454,715.4620458510669,15.959928508921491
78,prioridades_desbalanceadas,round_robin,1000,27968.886,10373,596.3569801087441,82.7517415845684
79,cpu_bound,epa,1000,19617.166,1488,482.56839181638986,76.84225028661591
79,cpu_bound,fcfs,1000,19615.62,1488,482.59795794416414,76.8370988270463
79,cpu_bound,prioridade,1000,17742.045,1488,497.73541404531613,55.35986944509247
79,cpu_bound,round_robin,1000,33584.387,10733,835.7508538429875,94.06722124413653
79,equilibrado,epa,1000,22009.889,3461,530.9330339158652,38.42158756055894
79,equilibrado,fcfs,1000,22009.72,3461,530.9689874101484,38.43346707761699
79,equilibrado,prioridade,1000,18009.138,3461,792.1081698636784,12.798992850578522
79,equilibrado,round_robin,1000,27487.67,10226,587.4466895960021,78.36401401611579
79,io_bound,epa,1000,15902.138,6461,310.4091630822946,91.77443991235602
79,io_bound,fcfs,1000,15905.835,6461,310.49568785895684,91.80112264689272
79,io_bound,prioridade,1000,11023.421,6461,228.69543968610552,63.68235082747819
79,io_bound,round_robin,1000,15905.835,6461,310.49568785895684,91.80112264689272
79,prioridades_desbalanceadas,epa,1000,22238.315,3461,499.17041249393003,49.971559047741785
79,prioridades_desbalanceadas,fcfs,1000,22237.645,3461,499.2200825232134,49.96331829416384
79,prioridades_desbalanceadas,prioridade,1000,19137.841,3461,670.0025637931707,14.201225939022278
79,prioridades_desbalanceadas,round_robin,1000,28215.172,10374,595.6051369804956,83.56222654734373
8,cpu_bound,epa,1000,20692.317,1530,489.33880008201413,79.3673629492303
8,cpu_bound,fcfs,1000,20689.779,1530,489.3291287166367,79.35982575790436
8,cpu_bound,prioridade,1000,18197.318,1530,481.40175826329755,55.64530058162535
8,cpu_bound,round_robin,1000,35301.325,11088,849.6814934831974,94.5508133611692
8,equilibrado,epa,1000,24859.452,3625,503.28102767797,58.33754324590915
8,equilibrado,fcfs,1000,24857.946,3625,503.32955400523014,58.34512922150764
8,equilibrado,prioridade,1000,19623.308,3625,568.3224210098458,24.712963197738265
8,equilibrado,round_robin,1000,31267.681,10976,607.5927881115919,86.31720784520542
8,io_bound,epa,1000,16846.88,6625,318.50116347670894,93.29094166144176
8,io_bound,fcfs,1000,16849.448,6625,318.5535989900273,93.31086550599561
8,io_bound,prioridade,1000,11372.926,6625,224.39628697368607,65.82098259091107
8,io_bound,round_robin,1000,16849.448,6625,318.5535989900273,93.31086550599561
8,prioridades_desbalanceadas,epa,1000,24610.296,3625,554.1181660114553,41.83983029486923
8,prioridades_desbalanceadas,fcfs,1000,24609.376,3625,554.2117875671178,41.8073726963687
8,prioridades_desbalanceadas,prioridade,1000,20184.352,3625,627.2574806377789,16.174681154720773
8,prioridades_desbalanceadas,round_robin,1000,30594.116,10914,611.6222308855318,81.06324391829123
80,cpu_bound,epa,1000,19525.927,1473,500.1250694809331,76.95653038802116
80,cpu_bound,fcfs,1000,19524.484,1473,500.13105461082836,76.94952295868123
80,cpu_bound,prioridade,1000,17377.092,1473,497.43449065817964,56.726661982101795
80,cpu_bound,round_robin,1000,33149.777,10503,848.4774697658052,93.98960890994881
80,equilibrado,epa,1000,21952.617,3404,551.1515583954783,36.607445545834935
80,equilibrado,fcfs,1000,21953.74,3404,551.3158214892501,36.591736096878826
80,equilibrado,prioridade,1000,17949.564,3404,725.8227377004804,16.921352076806144
80,equilibrado,round_robin,1000,27183.024,10128,608.6294411456633,75.93063424347467
80,io_bound,epa,1000,15908.407,6404,309.59487693112453,92.86021582198735
80,io_bound,fcfs,1000,15913.664,6404,309.6904237470882,92.88618227856252
80,io_bound,prioridade,1000,10941.336,6404,224.71625407401177,66.23988261150527
80,io_bound,round_robin,1000,15913.664,6404,309.6904237470882,92.88618227856252
80,prioridades_desbalanceadas,epa,1000,21825.884,3404,552.9988313092715,35.571384861462015
80,prioridades_desbalanceadas,fcfs,1000,21826.642,3404,552.9144070726118,35.62863838410358
80,prioridades_desbalanceadas,prioridade,1000,18684.962,3404,686.1250095212345,13.932873690369949
80,prioridades_desbalanceadas,round_robin,1000,27045.802,10129,603.1185103479356,75.60589430124432
81,cpu_bound,epa,1000,19448.188,1477,478.1006898046074,77.57335131961334
81,cpu_bound,fcfs,1000,19447.499,1477,478.1494293717206,77.56791422638507
81,cpu_bound,prioridade,1000,17486.238,1477,487.4933137439497,55.40202051917978
81,cpu_bound,round_robin,1000,33614.567,10761,839.2420380789256,94.09262719372933
81,equilibrado,epa,1000,21824.997,3380,534.1172085630125,41.04010492365664
81,equilibrado,fcfs,1000,21826.313,3380,534.1603364660382,41.04248315981617
81,equilibrado,prioridade,1000,17941.098,3380,736.4756154229146,13.309857773633437
81,equilibrado,round_robin,1000,27848.856,10292,608.5479255459741,81.23642309048105
81,io_bound,epa,1000,15828.798,6380,313.38181016102357,92.70034310532735
81,io_bound,fcfs,1000,15831.153,6380,313.4404270486054,92.71740314964039
81,io_bound,prioridade,1000,10814.421,6380,223.9564294222893,66.38011741180713
81,io_bound,round_robin,1000,15831.153,6380,313.4404270486054,92.71740314964039
81,prioridades_desbalanceadas,epa,1000,21550.031,3380,540.3838700785678,38.199196156520024
81,prioridades_desbalanceadas,fcfs,1000,21549.341,3380,540.4203899282888,38.213637005913135
81,prioridades_desbalanceadas,prioridade,1000,18523.828,3380,831.3074790995305,14.14176005190496
81,prioridades_desbalanceadas,round_robin,1000,27395.966,10180,596.2450727624228,79.24471002479527
82,cpu_bound,epa,1000,20105.238,1499,492.79249104581174,77.56749843469126
82,cpu_bound,fcfs,1000,20103.276,1499,492.80256116376734,77.55968727843812
82,cpu_bound,prioridade,1000,17968.947,1499,501.99904330768277,58.415904636648975
82,cpu_bound,round_robin,1000,34180.03,10858,840.6194564429535,93.8922087803733
82,equilibrado,epa,1000,22562.208,3492,534.3291854845538,39.263024125585886
82,equilibrado,fcfs,1000,22562.738,3492,534.3231969001562,39.28656859478251
82,equilibrado,prioridade,1000,18313.915,3492,732.9533449904877,12.89050449965174
82,equilibrado,round_robin,1000,28273.906,10461,602.2917411771322,79.17063103390358
82,io_bound,epa,1000,16011.033,6492,308.86527570830805,92.32130296540998
82,io_bound,fcfs,1000,16014.081,6492,308.92247630453875,92.34201910056528
82,io_bound,prioridade,1000,11078.231,6492,228.69213447596164,63.971286670645505
82,io_bound,round_robin,1000,16014.081,6492,308.92247630453875,92.34201910056528
82,prioridades_desbalanceadas,epa,1000,22306.009,3492,523.83357693748,39.724132114235516
82,prioridades_desbalanceadas,fcfs,1000,22306.725,3492,523.9300415531435,39.70732782089137
82,prioridades_desbalanceadas,prioridade,1000,19371.368,3492,791.5275154270086,9.923496875351255
82,prioridades_desbalanceadas,round_robin,1000,28062.515,10512,591.1893459299325,79.38147145504634
83,cpu_bound,epa,1000,20012.673,1494,485.1800551806594,78.45738237894953
83,cpu_bound,fcfs,1000,20010.511,1494,485.1761140740011,78.44930964407057
83,cpu_bound,prioridade,1000,17997.48,1494,501.7081261927621,55.825742593028814
83,cpu_bound,round_robin,1000,34481.692,10851,849.1725644333261,94.55401761893968
83,equilibrado,epa,1000,23436.219,3486,541.2877916262586,37.02694829572781
83,equilibrado,fcfs,1000,23437.239,3486,541.3851043213516,37.01170212404435
83,equilibrado,prioridade,1000,18910.536,3486,679.8738824936029,16.200028798065404
83,equilibrado,round_robin,1000,29612.332,10652,617.208818365619,79.05538944108073
83,io_bound,epa,1000,16294.236,6486,315.1316193882482,92.5728311611793
83,io_bound,fcfs,1000,16296.092,6486,315.1537696749847,92.58568180409794
83,io_bound,prioridade,1000,11182.75,6486,227.29134994409256,66.39569331512804
83,io_bound,round_robin,1000,16296.092,6486,315.1537696749847,92.58568180409794
83,prioridades_desbalanceadas,epa,1000,22975.611,3486,535.9285838163406,36.878019808354
83,prioridades_desbalanceadas,fcfs,1000,22975.38,3486,535.9586602303559,36.869371421001574
83,prioridades_desbalanceadas,prioridade,1000,19728.993,3486,747.2230436315623,14.380318193359965
83,prioridades_desbalanceadas,round_robin,1000,28836.057,10507,605.805540470533,77.80726385927282
84,cpu_bound,epa,1000,20374.791,1507,493.80185640158044,78.25225835098134
84,cpu_bound,fcfs,1000,20373.714,1507,493.8093223536954,78.24781937045931
84,cpu_bound,prioridade,1000,17995.506,1507,494.06508638675837,57.40230324813032
84,cpu_bound,round_robin,1000,34572.574,10885,849.6332834804414,94.73454840378315
84,equilibrado,epa,1000,22884.179,3485,560.470258053988,34.92257724408273
84,equilibrado,fcfs,1000,22883.857,3485,560.5883120431587,34.90308960327915
84,equilibrado,prioridade,1000,18695.663,3485,783.7060158556526,15.429104521659562
84,equilibrado,round_robin,1000,28747.029,10525,620.0329985700353,76.85910073303891
84,io_bound,epa,1000,16176.913,6484,312.5520209330152,93.28192093856568
84,io_bound,fcfs,1000,16178.36,6484,312.5832391988456,93.29442361094463
84,io_bound,prioridade,1000,11154.575,6484,228.37355405243977,65.47051386565015
84,io_bound,round_robin,1000,16178.36,6484,312.5832391988456,93.29442361094463
84,prioridades_desbalanceadas,epa,1000,22638.806,3485,547.0334900658924,42.5662266371491
84,prioridades_desbalanceadas,fcfs,1000,22638.302,3485,547.0565489269461,42.56043814048781
84,prioridades_desbalanceadas,prioridade,1000,19362.46,3485,837.9509549596086,12.511058484449201
84,prioridades_desbalanceadas,round_robin,1000,28472.995,10444,612.0325438983128,81.12292868720058
85,cpu_bound,epa,1000,20430.051,1501,503.71023643531794,76.81349022422762
85,cpu_bound,fcfs,1000,20429.072,1501,503.72315926815,76.81167055124428
85,cpu_bound,prioridade,1000,18114.948,1501,500.60579561614014,57.79263743301104
85,cpu_bound,round_robin,1000,34602.788,10913,854.7517806735307,94.7645454318276
85,equilibrado,epa,1000,23204.27,3523,544.3919878085364,37.49713616480855
85,equilibrado,fcfs,1000,23203.422,3523,544.3292710413182,37.51691686534825
85,equilibrado,prioridade,1000,19222.883,3523,829.717823931522,11.078517364645716
85,equilibrado,round_robin,1000,29048.688,10552,610.0464470140329,79.2767077824805
85,io_bound,epa,1000,16351.712,6523,313.00860877451856,93.15540520126505
85,io_bound,fcfs,1000,16354.365,6523,313.0446571620677,93.16772828180075
85,io_bound,prioridade,1000,11195.641,6523,224.58391510826695,66.75539072137258
85,io_bound,round_robin,1000,16354.365,6523,313.0446571620677,93.16772828180075
85,prioridades_desbalanceadas,epa,1000,23140.609,3523,542.9727395276311,37.60747222039087
85,prioridades_desbalanceadas,fcfs,1000,23140.176,3523,543.0285291718203,37.616023254691676
85,prioridades_desbalanceadas,prioridade,1000,19523.149,3523,727.8198816335475,16.22172071356616
85,prioridades_desbalanceadas,round_robin,1000,28743.386,10501,604.3944022946002,78.79950807030207
86,cpu_bound,epa,1000,19849.131,1499,480.0239657259356,77.49108266096329
86,cpu_bound,fcfs,1000,19847.241,1499,480.0439302309842,77.48338646715331
86,cpu_bound,prioridade,1000,17910.278,1499,498.0818849315456,56.31479246204512
86,cpu_bound,round_robin,1000,33988.141,10835,835.5740971306748,94.0006725668936
86,equilibrado,epa,1000,22999.108,3524,516.5830382386364,52.30570420727291
86,equilibrado,fcfs,1000,22997.583,3524,516.5258860860527,52.31740704967855
86,equilibrado,prioridade,1000,18376.057,3524,603.5091762891855,22.846497369670242
86,equilibrado,round_robin,1000,28720.705,10461,588.3373311479085,84.24748380810372
86,io_bound,epa,1000,16392.929,6523,311.15728779321296,93.08662320905792
86,io_bound,fcfs,1000,16394.654,6523,311.18905997914266,93.09947947351782
86,io_bound,prioridade,1000,11225.566,6523,223.70540810837127,66.78121509471413
86,io_bound,round_robin,1000,16394.654,6523,311.18905997914266,93.09947947351782
86,prioridades_desbalanceadas,epa,1000,23378.269,3524,498.2760242454429,53.35823714369401
86,prioridades_desbalanceadas,fcfs,1000,23378.459,3524,498.34956512735135,53.36625452183755
86,prioridades_desbalanceadas,prioridade,1000,19981.497,3524,702.4533586650637,10.641089398799176
86,prioridades_desbalanceadas,round_robin,1000,29541.872,10582,602.4799612705522,84.71514946619273
87,cpu_bound,epa,1000,19820.735,1486,491.0371693521806,78.38925247470608
87,cpu_bound,fcfs,1000,19819.747,1486,491.04637846974856,78.3842106859916
87,cpu_bound,prioridade,1000,18023.685,1486,514.1047634622391,58.44860500373637
87,cpu_bound,round_robin,1000,33767.719,10704,850.6812372869525,94.41782026446224
87,equilibrado,epa,1000,22727.447,3485,511.05474917543614,46.32430782181754
87,equilibrado,fcfs,1000,22725.932,3485,511.1037509699473,46.31425280626117
87,equilibrado,prioridade,1000,18178.55,3485,669.8348703746835,15.516168631549114
87,equilibrado,round_robin,1000,28856.376,10359,610.8740574815118,82.3219005290749
87,io_bound,epa,1000,16131.328,6485,311.1739747820783,93.29286082938432
87,io_bound,fcfs,1000,16133.985,6485,311.24181700678815,93.31834254695589
87,io_bound,prioridade,1000,11134.531,6485,226.77196200632358,66.12697985920846
87,io_bound,round_robin,1000,16133.985,6485,311.24181700678815,93.31834254695589
87,prioridades_desbalanceadas,epa,1000,22674.26,3485,531.6885269109864,33.44848536980074
87,prioridades_desbalanceadas,fcfs,1000,22672.355,3485,531.7793979404249,33.438155608319214
87,prioridades_desbalanceadas,prioridade,1000,19094.867,3485,725.106287895586,11.062989086337163
87,prioridades_desbalanceadas,round_robin,1000,28535.167,10378,610.1026927629687,76.18085020001166
88,cpu_bound,epa,1000,20292.09,1515,481.64409372286957,76.85927731699111
88,cpu_bound,fcfs,1000,20291.053,1515,481.6595228002913,76.85248417758783
88,cpu_bound,prioridade,1000,18295.212,1515,500.4237140079918,57.380612903799594
88,cpu_bound,round_robin,1000,34627.225,11031,838.3280411006637,94.40249767558059
88,equilibrado,epa,1000,23692.667,3576,511.06618990250854,44.81581981287643
88,equilibrado,fcfs,1000,23691.549,3576,511.1999238222866,44.758103685439806
88,equilibrado,prioridade,1000,19234.154,3576,774.0322895115487,10.662547241212215
88,equilibrado,round_robin,1000,29871.842,10841,596.5254382505553,82.28194132346923
88,io_bound,epa,1000,16370.972,6576,307.97743294361686,92.92891498446127
88,io_bound,fcfs,1000,16374.041,6576,308.02582436010704,92.95077749945821
88,io_bound,prioridade,1000,11173.071,6576,220.23151189572897,65.1432378689756
88,io_bound,round_robin,1000,16374.041,6576,308.02582436010704,92.95077749945821
88,prioridades_desbalanceadas,epa,1000,23668.661,3576,508.4872777102229,41.77819094192655
88,prioridades_desbalanceadas,fcfs,1000,23663.724,3576,508.51740344714733,41.79547391759667
88,prioridades_desbalanceadas,prioridade,1000,19748.096,3576,686.2659164825802,10.955798752975308
88,prioridades_desbalanceadas,round_robin,1000,29878.487,10722,601.7242209485738,80.49054147258116
89,cpu_bound,epa,1000,20727.838,1523,502.6942325752337,78.88541248711998
89,cpu_bound,fcfs,1000,20725.85,1523,502.7149704397309,78.87263575904716
89,cpu_bound,prioridade,1000,18155.166,1523,491.0564016310536,57.18430413136748
89,cpu_bound,round_robin,1000,35008.692,10912,858.7261623718147,94.6290219245088
89,equilibrado,epa,1000,23814.433,3590,509.42267710461687,59.131920322843094
89,equilibrado,fcfs,1000,23813.342,3590,509.4300960669307,59.11596528362527
89,equilibrado,prioridade,1000,19397.066,3590,703.6772741979954,14.006124891306463
89,equilibrado,round_robin,1000,29792.973,10732,600.9378023187638,85.99560288987522
89,io_bound,epa,1000,16488.565,6590,312.7916271420186,93.41596539593233
89,io_bound,fcfs,1000,16491.644,6590,312.8276134099501,93.43398070267645
89,io_bound,prioridade,1000,11314.037,6590,227.53699734578103,64.56479575891088
89,io_bound,round_robin,1000,16491.644,6590,312.8276134099501,93.43398070267645
89,prioridades_desbalanceadas,epa,1000,24051.076,3590,532.3388793162383,42.66679462987826
89,prioridades_desbalanceadas,fcfs,1000,24050.275,3590,532.3833705690566,42.660463350196295
89,prioridades_desbalanceadas,prioridade,1000,20013.45,3590,700.2482185844082,10.684846731625882
89,prioridades_desbalanceadas,round_robin,1000,30147.757,10801,610.4160449210596,81.39369735328421
9,cpu_bound,epa,1000,19781.509,1485,490.0851829089191,77.22157541383521
9,cpu_bound,fcfs,1000,19779.357,1485,490.10696735927354,77.20973773048969
9,cpu_bound,prioridade,1000,18030.964,1485,509.03985065900036,56.36411100844307
9,cpu_bound,round_robin,1000,33818.888,10743,845.1281391212622,94.1097175770451
9,equilibrado,epa,1000,23032.203,3487,520.4238861037305,49.16889152784937
9,equilibrado,fcfs,1000,23032.453,3487,520.2830925455336,49.217337709488994
9,equilibrado,prioridade,1000,18688.379,3487,715.096630453281,12.410481393770418
9,equilibrado,round_robin,1000,28948.306,10496,599.3324965759193,83.86282462406466
9,io_bound,epa,1000,16270.113,6487,310.6708291315019,93.13907277173428
9,io_bound,fcfs,1000,16274.051,6487,310.7342359643041,93.16676104723669
9,io_bound,prioridade,1000,11211.707,6487,225.3460294787791,66.4590512331422
9,io_bound,round_robin,1000,16274.051,6487,310.7342359643041,93.16676104723669
9,prioridades_desbalanceadas,epa,1000,22906.14,3487,528.872974736726,49.78609133323804
9,prioridades_desbalanceadas,fcfs,1000,22905.467,3487,529.100075686554,49.73857089642765
9,prioridades_desbalanceadas,prioridade,1000,19544.503,3487,747.6732246651737,12.764546508798565
9,prioridades_desbalanceadas,round_robin,1000,28669.109,10530,600.3943455719939,83.9079768598322
90,cpu_bound,epa,1000,20152.088,1500,497.4945102639103,77.17451582519672
90,cpu_bound,fcfs,1000,20151.713,1500,497.51702558358727,77.17838368769387
90,cpu_bound,prioridade,1000,17981.977,1500,502.36740507053486,56.86502936708225
90,cpu_bound,round_robin,1000,34355.393,10858,846.7048104036578,94.12402574679463
90,equilibrado,epa,1000,22397.58,3427,505.02659644934613,42.76160225709572
90,equilibrado,fcfs,1000,22397.512,3427,505.00393666560444,42.76233581688083
90,equilibrado,prioridade,1000,18456.391,3427,782.9279417902952,12.177759779390776
90,equilibrado,round_robin,1000,28363.061,10411,596.7574885452643,80.71802665071633
90,io_bound,epa,1000,15922.454,6426,309.8444961220946,92.24676641352447
90,io_bound,fcfs,1000,15925.281,6426,309.90147545401817,92.271456415334
90,io_bound,prioridade,1000,10978.118,6426,227.04958033516547,65.090677013899
90,io_bound,round_robin,1000,15925.281,6426,309.90147545401817,92.271456415334
90,prioridades_desbalanceadas,epa,1000,21913.475,3427,520.7447280024454,41.62606522315104
90,prioridades_desbalanceadas,fcfs,1000,21913.536,3427,520.7437627734612,41.636331439107074
90,prioridades_desbalanceadas,prioridade,1000,18527.917,3427,731.2578351441637,12.684934286327753
90,prioridades_desbalanceadas,round_robin,1000,27379.247,10286,585.2425691539722,79.56935287684959
91,cpu_bound,epa,1000,19001.399,1483,468.5725948586284,75.91364449684124
91,cpu_bound,fcfs,1000,18999.936,1483,468.59258271325166,75.90817390931262
91,cpu_bound,prioridade,1000,17190.873,1483,478.23728646523944,56.4809858570611
91,cpu_bound,round_robin,1000,33012.843,10659,825.6063687880799,94.0335661614237
91,equilibrado,epa,1000,21891.15,3441,543.3320616474863,32.28263553756979
91,equilibrado,fcfs,1000,21889.512,3441,543.3112091830496,32.29653897801987
91,equilibrado,prioridade,1000,18174.06,3441,812.5199215133918,11.421098137115523
91,equilibrado,round_robin,1000,27441.213,10342,594.3885362313487,75.08357924508367
91,io_bound,epa,1000,15853.799,6441,305.85075785729026,92.93326032039228
91,io_bound,fcfs,1000,15855.916,6441,305.8664157621298,92.94285084212054
91,io_bound,prioridade,1000,10946.294,6441,223.67346924134208,63.92064898293811
91,io_bound,round_robin,1000,15855.916,6441,305.8664157621298,92.94285084212054
91,prioridades_desbalanceadas,epa,1000,21476.367,3441,538.113648824586,34.66053584419266
91,prioridades_desbalanceadas,fcfs,1000,21474.894,3441,538.3270370314181,34.63951818829038
91,prioridades_desbalanceadas,prioridade,1000,18611.089,3441,792.5638015355554,11.335577126942646
91,prioridades_desbalanceadas,round_robin,1000,27347.639,10254,590.7415043502476,76.89194681388165
92,cpu_bound,epa,1000,19681.135,1482,486.7343018521969,77.67355179402401
92,cpu_bound,fcfs,1000,19679.595,1482,486.74186089959824,77.66583480721403
92,cpu_bound,prioridade,1000,17821.531,1482,498.9740755523945,56.41345056978523
92,cpu_bound,round_robin,1000,34324.713,10698,859.1285993671598,94.72114393812531
92,equilibrado,epa,1000,22832.579,3501,570.5669273308706,30.309644108441002
92,equilibrado,fcfs,1000,22831.538,3501,570.6246440931951,30.31813365940789
92,equilibrado,prioridade,1000,18530.347,3501,862.433617091986,9.057457560560744
92,equilibrado,round_robin,1000,28827.418,10421,617.110818033124,74.22554079732522
92,io_bound,epa,1000,16152.375,6500,314.440913555425,92.65566469307333
92,io_bound,fcfs,1000,16155.497,6500,314.4874051883399,92.67734559830252
92,io_bound,prioridade,1000,11064.542,6500,224.1601383114512,67.82123577367018
92,io_bound,round_robin,1000,16155.497,6500,314.4874051883399,92.67734559830252
92,prioridades_desbalanceadas,epa,1000,23105.155,3501,527.6060406160773,44.91358909800525
92,prioridades_desbalanceadas,fcfs,1000,23102.173,3501,527.6490766587173,44.905281972790284
92,prioridades_desbalanceadas,prioridade,1000,19603.408,3501,705.0894498029463,17.59263244665241
92,prioridades_desbalanceadas,round_robin,1000,28968.364,10517,606.9338785215389,81.60057843176752
93,cpu_bound,epa,1000,20251.153,1512,487.6938342781063,78.59926087342909
93,cpu_bound,fcfs,1000,20249.347,1512,487.71462752089815,78.59385154968427
93,cpu_bound,prioridade,1000,18016.738,1512,489.35912996295184,58.83635692273136
93,cpu_bound,round_robin,1000,34359.3,10943,840.5971283484523,94.38667981104857
93,equilibrado,epa,1000,23404.287,3554,504.0872142425097,45.2340937506345
93,equilibrado,fcfs,1000,23404.755,3554,504.2427407559325,45.216777777818336
93,equilibrado,prioridade,1000,18848.894,3554,720.5300888307553,11.480580199308973
93,equilibrado,round_robin,1000,29514.848,10637,593.6466866285692,82.510215365678
93,io_bound,epa,1000,16221.947,6554,307.3572537976927,93.51337371928514
93,io_bound,fcfs,1000,16224.361,6554,307.4158485405243,93.5395467115434
93,io_bound,prioridade,1000,11102.248,6554,221.52737854194154,66.56220021484255
93,io_bound,round_robin,1000,16224.361,6554,307.4158485405243,93.5395467115434
93,prioridades_desbalanceadas,epa,1000,23519.123,3554,508.1687219880164,50.5152121598773
93,prioridades_desbalanceadas,fcfs,1000,23519.053,3554,508.2261142369076,50.522198790844136
93,prioridades_desbalanceadas,prioridade,1000,19362.628,3554,731.8715793895534,9.552052643684448
93,prioridades_desbalanceadas,round_robin,1000,29241.884,10632,587.2377102432457,84.12027594092926
94,cpu_bound,epa,1000,20019.241,1500,489.605191994727,77.2892786667782
94,cpu_bound,fcfs,1000,20017.442,1500,489.6174517049215,77.28727350955717
94,cpu_bound,prioridade,1000,18088.457,1500,502.56280660016637,56.76824230728917
94,cpu_bound,round_robin,1000,34403.883,10904,847.4028156174064,94.4296047530167
94,equilibrado,epa,1000,22102.526,3444,538.5566145125587,40.9029395821839
94,equilibrado,fcfs,1000,22102.769,3444,538.5746660510353,40.899822244981785
94,equilibrado,prioridade,1000,18365.587,3444,851.2710252702319,10.387762888634645
94,equilibrado,round_robin,1000,27750.294,10305,598.2400335212407,79.72349556008497
94,io_bound,epa,1000,15953.927,6443,311.13470031340546,92.8532850657538
94,io_bound,fcfs,1000,15956.087,6443,311.1760356684094,92.8662542559813
94,io_bound,prioridade,1000,10957.948,6443,225.33264043475089,65.88954239554775
94,io_bound,round_robin,1000,15956.087,6443,311.1760356684094,92.8662542559813
94,prioridades_desbalanceadas,epa,1000,22013.99,3444,555.401988283021,37.321111096052675
94,prioridades_desbalanceadas,fcfs,1000,22014.908,3444,555.4322546468494,37.34392349206184
94,prioridades_desbalanceadas,prioridade,1000,18675.029,3444,828.6265851825912,12.817640548350798
94,prioridades_desbalanceadas,round_robin,1000,27629.095,10296,604.5734014277524,77.6330132656608
95,cpu_bound,epa,1000,19328.645,1473,481.53934873251416,76.33814697811954
95,cpu_bound,fcfs,1000,19327.532,1473,481.55393077999395,76.33482382672003
95,cpu_bound,prioridade,1000,17562.494,1473,493.39192204127465,57.10770536920239
95,cpu_bound,round_robin,1000,33684.046,10695,847.9263900257511,94.23710304621926
95,equilibrado,epa,1000,21514.101,3394,543.6258178223513,33.777072830509994
95,equilibrado,fcfs,1000,21514.451,3394,543.6568499159619,33.79550118582826
95,equilibrado,prioridade,1000,17853.93,3394,795.4846925366429,13.487090224805469
95,equilibrado,round_robin,1000,27418.05,10286,611.5403900048552,76.57469110328518
95,io_bound,epa,1000,15704.226,6394,309.9361315824219,92.35429845760935
95,io_bound,fcfs,1000,15706.131,6394,309.97656133603977,92.36365414471588
95,io_bound,prioridade,1000,10806.878,6394,223.0629468719444,64.76281454956073
95,io_bound,round_robin,1000,15706.131,6394,309.97656133603977,92.36365414471588
95,prioridades_desbalanceadas,epa,1000,21281.975,3394,546.6227066256729,39.20917173536385
95,prioridades_desbalanceadas,fcfs,1000,21281.531,3394,546.6059658293218,39.20170405709869
95,prioridades_desbalanceadas,prioridade,1000,18197.667,3394,786.263201939603,10.898153578543758
95,prioridades_desbalanceadas,round_robin,1000,26860.765,10187,601.5964750438939,79.39038183905821
96,cpu_bound,epa,1000,20623.844,1518,502.65879464256847,77.72524130865246
96,cpu_bound,fcfs,1000,20622.498,1518,502.6649969155797,77.72256458449712
96,cpu_bound,prioridade,1000,18487.245,1518,511.87808722554405,56.0323245220362
96,cpu_bound,round_robin,1000,34963.663,10987,854.1467585540769,94.1765792751337
96,equilibrado,epa,1000,23465.754,3534,554.7452556061326,36.9227989166148
96,equilibrado,fcfs,1000,23465.871,3534,554.9561334420142,36.903684088843626
96,equilibrado,prioridade,1000,18988.67,3534,862.2392451335908,9.301849316083898
96,equilibrado,round_robin,1000,29354.25,10655,610.4785017729891,78.03495296058145
96,io_bound,epa,1000,16418.098,6534,315.1945866721035,92.70221152272053
96,io_bound,fcfs,1000,16420.809,6534,315.2343849790843,92.72702095097377
96,io_bound,prioridade,1000,11335.065,6534,230.11595626258105,64.95339263439519
96,io_bound,round_robin,1000,16420.809,6534,315.2343849790843,92.72702095097377
96,prioridades_desbalanceadas,epa,1000,23653.958,3534,525.2909552747968,43.567347667860865
96,prioridades_desbalanceadas,fcfs,1000,23653.783,3534,525.3113079014157,43.59280759684676
96,prioridades_desbalanceadas,prioridade,1000,19575.412,3534,664.2708902355522,12.983863481325836
96,prioridades_desbalanceadas,round_robin,1000,29763.852,10675,616.6785821566251,81.6661886242769
97,cpu_bound,epa,1000,20291.473,1525,474.50605610141776,77.9143903777256
97,cpu_bound,fcfs,1000,20289.335,1525,474.51228034764273,77.9001083244015
97,cpu_bound,prioridade,1000,18462.833,1525,508.1534415947544,56.92911760957761
97,cpu_bound,round_robin,1000,34562.958,11019,832.8554914806117,94.20160192743488
97,equilibrado,epa,1000,23095.763,3557,531.2455485539712,34.41210508198382
97,equilibrado,fcfs,1000,23096.122,3557,531.3176479678093,34.41778509818353
97,equilibrado,prioridade,1000,18857.238,3557,904.2005917803613,9.226798048416557
97,equilibrado,round_robin,1000,28942.658,10569,588.2159038447861,76.82095693642287
97,io_bound,epa,1000,16047.376,6556,300.7713961526507,92.52491278395142
97,io_bound,fcfs,1000,16050.895,6556,300.8218032652375,92.54207354721366
97,io_bound,prioridade,1000,11112.091,6556,221.0152865550587,64.71367803611834
97,io_bound,round_robin,1000,16050.895,6556,300.8218032652375,92.54207354721366
97,prioridades_desbalanceadas,epa,1000,23435.815,3556,494.6680588824355,51.11613913646424
97,prioridades_desbalanceadas,fcfs,1000,23436.994,3556,494.78091669101866,51.15110360039959
97,prioridades_desbalanceadas,prioridade,1000,19605.016,3557,644.6601557476732,17.094653805922853
97,prioridades_desbalanceadas,round_robin,1000,29289.302,10726,581.5768410911242,83.31140652374555
98,cpu_bound,epa,1000,19539.492,1485,487.28688573419794,77.44033768341102
98,cpu_bound,fcfs,1000,19538.704,1485,487.2985992722434,77.44113143765348
98,cpu_bound,prioridade,1000,17684.416,1485,498.6901367548504,56.518425146860956
98,cpu_bound,round_robin,1000,33903.81,10641,854.3575541437642,94.28664739303227
98,equilibrado,epa,1000,22044.017,3460,522.2259015284252,44.96448030512177
98,equilibrado,fcfs,1000,22044.814,3460,522.1257846995765,44.93080040465402
98,equilibrado,prioridade,1000,18441.572,3460,739.844378816744,17.182979049572328
98,equilibrado,round_robin,1000,27742.283,10269,610.3465766618604,80.22497969544843
98,io_bound,epa,1000,16188.047,6460,314.0249760671074,92.78504829429828
98,io_bound,fcfs,1000,16189.989,6460,314.08009609227616,92.80966908670716
98,io_bound,prioridade,1000,11067.971,6460,224.54223425417956,65.64390975366781
98,io_bound,round_robin,1000,16189.989,6460,314.08009609227616,92.80966908670716
98,prioridades_desbalanceadas,epa,1000,22287.123,3460,554.1612719417541,32.0740565704759
98,prioridades_desbalanceadas,fcfs,1000,22286.472,3460,554.0606231459815,32.082762790152564
98,prioridades_desbalanceadas,prioridade,1000,18701.387,3460,759.3255981400386,9.202307670082915
98,prioridades_desbalanceadas,round_robin,1000,27916.51,10312,617.7539329996864,75.30777553594406
99,cpu_bound,epa,1000,20916.95,1516,490.24913060582196,77.90787764204866
99,cpu_bound,fcfs,1000,20915.405,1516,490.27184588656803,77.89943348821195
99,cpu_bound,prioridade,1000,18521.353,1516,491.61942241800386,57.42348355275541
99,cpu_bound,round_robin,1000,35412.193,11093,852.6251916841924,94.58222938963561
99,equilibrado,epa,1000,24417.23,3600,521.4756506494077,49.641970634968025
99,equilibrado,fcfs,1000,24413.943,3600,521.4944001089534,49.630343711806354
99,equilibrado,prioridade,1000,19536.474,3600,730.8393980022314,11.070926985242156
99,equilibrado,round_robin,1000,30673.182,10976,601.6141007667728,84.45358307743975
99,io_bound,epa,1000,16758.66,6598,317.1215078468754,93.50224424467626
99,io_bound,fcfs,1000,16762.46,6598,317.189617794602,93.52701864949562
99,io_bound,prioridade,1000,11549.369,6598,231.5638336905991,66.11816700773859
99,io_bound,round_robin,1000,16762.46,6598,317.189617794602,93.52701864949562
99,prioridades_desbalanceadas,epa,1000,24040.137,3600,538.9383766542437,37.03431035346756
99,prioridades_desbalanceadas,fcfs,1000,24040.037,3600,538.9214050377511,37.062401591571344
99,prioridades_desbalanceadas,prioridade,1000,19941.917,3600,695.7484020855081,14.426006386271263
99,prioridades_desbalanceadas,round_robin,1000,30151.679,10792,604.2745805910217,79.44535639782065
